Date-Time,"PHF Rainwater Skid, Live Flow (gpm)"
2020-10-30 11:27:28,0
2020-10-30 11:27:58,0
2020-10-30 11:28:28,0
2020-10-30 11:28:58,0
2020-10-30 11:29:28,0
2020-10-30 11:29:58,0
2020-10-30 11:30:28,0
2020-10-30 11:30:58,0
2020-10-30 11:31:28,0
2020-10-30 11:31:58,0
2020-10-30 11:32:28,0
2020-10-30 11:32:58,0
2020-10-30 11:33:28,0
2020-10-30 11:33:58,0
2020-10-30 11:34:28,0
2020-10-30 11:34:58,0
2020-10-30 11:35:28,0
2020-10-30 11:35:58,0
2020-10-30 11:36:28,0
2020-10-30 11:36:58,0
2020-10-30 11:37:28,0
2020-10-30 11:37:58,0
2020-10-30 11:38:28,0
2020-10-30 11:38:58,0
2020-10-30 11:39:28,0
2020-10-30 11:39:58,0
2020-10-30 11:40:28,0
2020-10-30 11:40:58,0
2020-10-30 11:41:28,0
2020-10-30 11:41:58,0
2020-10-30 11:42:28,0
2020-10-30 11:42:58,0
2020-10-30 11:43:28,0
2020-10-30 11:43:58,0
2020-10-30 11:44:28,0
2020-10-30 11:44:58,0
2020-10-30 11:45:28,0
2020-10-30 11:45:58,0
2020-10-30 11:46:28,0
2020-10-30 11:46:58,0
2020-10-30 11:47:28,0
2020-10-30 11:47:58,0
2020-10-30 11:48:28,0
2020-10-30 11:48:58,0
2020-10-30 11:49:28,0
2020-10-30 11:49:58,0
2020-10-30 11:50:28,0
2020-10-30 11:50:58,0
2020-10-30 11:51:28,0
2020-10-30 11:51:58,0
2020-10-30 11:52:28,0
2020-10-30 11:52:58,0
2020-10-30 11:53:28,0
2020-10-30 11:53:58,0
2020-10-30 11:54:28,0
2020-10-30 11:54:58,0
2020-10-30 11:55:28,0
2020-10-30 11:55:58,0
2020-10-30 11:56:28,0
2020-10-30 11:56:58,0
2020-10-30 11:57:28,0
2020-10-30 11:57:58,0
2020-10-30 11:58:28,0
2020-10-30 11:58:58,0
2020-10-30 11:59:28,0
2020-10-30 11:59:58,0
2020-10-30 12:00:28,0
2020-10-30 12:00:58,0
2020-10-30 12:01:28,0
2020-10-30 12:01:58,0
2020-10-30 12:02:28,0
2020-10-30 12:02:58,0
2020-10-30 12:03:28,0
2020-10-30 12:03:58,0
2020-10-30 12:04:28,0
2020-10-30 12:04:58,0
2020-10-30 12:05:28,0
2020-10-30 12:05:58,0
2020-10-30 12:06:28,0
2020-10-30 12:06:58,0
2020-10-30 12:07:28,0
2020-10-30 12:07:58,0
2020-10-30 12:08:28,0
2020-10-30 12:08:58,0
2020-10-30 12:09:28,0
2020-10-30 12:09:58,0
2020-10-30 12:10:28,0
2020-10-30 12:10:58,0
2020-10-30 12:11:28,0
2020-10-30 12:11:58,0
2020-10-30 12:12:28,0
2020-10-30 12:12:58,0
2020-10-30 12:13:28,0
2020-10-30 12:13:58,0
2020-10-30 12:14:28,0
2020-10-30 12:14:58,0
2020-10-30 12:15:28,0
2020-10-30 12:15:58,0
2020-10-30 12:16:28,0
2020-10-30 12:16:58,0
2020-10-30 12:17:28,0
2020-10-30 12:17:58,0
2020-10-30 12:18:28,0
2020-10-30 12:18:58,0
2020-10-30 12:19:28,0
2020-10-30 12:19:58,0
2020-10-30 12:20:28,0
2020-10-30 12:20:58,0
2020-10-30 12:21:28,0
2020-10-30 12:21:58,0
2020-10-30 12:22:28,0
2020-10-30 12:24:28,0
2020-10-30 12:24:58,0
2020-10-30 12:25:28,0
2020-10-30 12:25:58,0
2020-10-30 12:26:28,0
2020-10-30 12:26:58,0
2020-10-30 12:27:28,0
2020-10-30 12:27:58,0
2020-10-30 12:28:28,0
2020-10-30 12:28:58,0
2020-10-30 12:29:28,0
2020-10-30 12:29:58,0
2020-10-30 12:30:28,0
2020-10-30 12:30:58,0
2020-10-30 12:31:28,0
2020-10-30 12:31:58,0
2020-10-30 12:32:28,0
2020-10-30 12:32:58,0
2020-10-30 12:33:28,0
2020-10-30 12:33:58,0
2020-10-30 12:34:28,0
2020-10-30 12:34:58,0
2020-10-30 12:35:28,0
2020-10-30 12:35:58,0
2020-10-30 12:36:28,0
2020-10-30 12:36:58,0
2020-10-30 12:37:28,0
2020-10-30 12:37:58,0
2020-10-30 12:38:28,0
2020-10-30 12:38:58,0
2020-10-30 12:39:28,0
2020-10-30 12:39:58,0
2020-10-30 12:40:28,0
2020-10-30 12:40:58,0
2020-10-30 12:41:28,0
2020-10-30 12:41:58,0
2020-10-30 12:42:28,0
2020-10-30 12:42:58,0
2020-10-30 12:43:28,0
2020-10-30 12:43:58,0
2020-10-30 12:44:28,0
2020-10-30 12:44:58,0
2020-10-30 12:45:28,0
2020-10-30 12:45:58,0
2020-10-30 12:46:28,0
2020-10-30 12:46:58,0
2020-10-30 12:47:28,0
2020-10-30 12:47:58,0
2020-10-30 12:48:28,0
2020-10-30 12:48:58,0
2020-10-30 12:49:28,0
2020-10-30 12:49:58,0
2020-10-30 12:50:28,0
2020-10-30 12:50:58,0
2020-10-30 12:51:28,0
2020-10-30 12:51:58,0
2020-10-30 12:52:28,0
2020-10-30 12:52:58,0
2020-10-30 12:53:28,0
2020-10-30 12:53:58,0
2020-10-30 12:54:28,0
2020-10-30 12:54:58,0
2020-10-30 12:55:28,0
2020-10-30 12:55:58,0
2020-10-30 12:56:28,0
2020-10-30 12:56:58,0
2020-10-30 12:57:28,0
2020-10-30 12:57:58,0
2020-10-30 12:58:28,0
2020-10-30 12:58:58,0
2020-10-30 12:59:28,0
2020-10-30 12:59:58,0
2020-10-30 13:00:28,0
2020-10-30 13:00:58,0
2020-10-30 13:01:28,0
2020-10-30 13:01:58,0
2020-10-30 13:02:28,0
2020-10-30 13:02:58,0
2020-10-30 13:03:28,0
2020-10-30 13:03:58,0
2020-10-30 13:04:28,0
2020-10-30 13:04:58,0
2020-10-30 13:05:28,0
2020-10-30 13:05:58,0
2020-10-30 13:06:28,0
2020-10-30 13:06:58,0
2020-10-30 13:07:28,0
2020-10-30 13:07:58,0
2020-10-30 13:08:28,0
2020-10-30 13:08:58,0
2020-10-30 13:09:28,0
2020-10-30 13:09:58,0
2020-10-30 13:10:28,0
2020-10-30 13:10:58,0
2020-10-30 13:11:28,0
2020-10-30 13:11:58,0
2020-10-30 13:12:28,0
2020-10-30 13:12:58,0
2020-10-30 13:13:28,0
2020-10-30 13:13:58,0
2020-10-30 13:14:28,0
2020-10-30 13:14:58,0
2020-10-30 13:15:28,0
2020-10-30 13:15:58,0
2020-10-30 13:16:28,0
2020-10-30 13:16:58,0
2020-10-30 13:17:28,0
2020-10-30 13:17:58,0
2020-10-30 13:18:28,0
2020-10-30 13:18:58,0
2020-10-30 13:19:28,0
2020-10-30 13:19:58,0
2020-10-30 13:20:28,0
2020-10-30 13:20:58,0
2020-10-30 13:21:28,0
2020-10-30 13:21:58,0
2020-10-30 13:22:28,0
2020-10-30 13:22:58,0
2020-10-30 13:23:28,0
2020-10-30 13:23:58,0
2020-10-30 13:24:28,0
2020-10-30 13:24:58,0
2020-10-30 13:25:28,0
2020-10-30 13:25:58,0
2020-10-30 13:26:28,0
2020-10-30 13:26:58,0
2020-10-30 13:27:28,0
2020-10-30 13:27:58,0
2020-10-30 13:28:28,0
2020-10-30 13:28:58,0
2020-10-30 13:29:28,0
2020-10-30 13:29:58,0
2020-10-30 13:30:28,0
2020-10-30 13:30:58,0
2020-10-30 13:31:28,0
2020-10-30 13:31:58,0
2020-10-30 13:32:28,0
2020-10-30 13:32:58,0
2020-10-30 13:33:28,0
2020-10-30 13:33:58,0
2020-10-30 13:34:28,0
2020-10-30 13:34:58,0
2020-10-30 13:35:28,0
2020-10-30 13:35:58,0
2020-10-30 13:36:28,0
2020-10-30 13:36:58,0
2020-10-30 13:37:28,0
2020-10-30 13:37:58,0
2020-10-30 13:38:28,0
2020-10-30 13:38:58,0
2020-10-30 13:39:28,0
2020-10-30 13:39:58,0
2020-10-30 13:40:28,0
2020-10-30 13:40:58,0
2020-10-30 13:41:28,0
2020-10-30 13:41:58,0
2020-10-30 13:42:28,0
2020-10-30 13:42:58,0
2020-10-30 13:43:28,0
2020-10-30 13:43:58,0
2020-10-30 13:44:28,0
2020-10-30 13:44:58,0
2020-10-30 13:45:28,0
2020-10-30 13:45:58,0
2020-10-30 13:46:28,0
2020-10-30 13:46:58,0
2020-10-30 13:47:28,0
2020-10-30 13:47:58,0
2020-10-30 13:48:28,0
2020-10-30 13:48:58,0
2020-10-30 13:49:28,0
2020-10-30 13:49:58,0
2020-10-30 13:50:28,0
2020-10-30 13:50:58,0
2020-10-30 13:51:28,0
2020-10-30 13:51:58,0
2020-10-30 13:52:28,0
2020-10-30 13:52:58,0
2020-10-30 13:53:28,0
2020-10-30 13:53:58,0
2020-10-30 13:54:28,0
2020-10-30 13:54:58,0
2020-10-30 13:55:28,0
2020-10-30 13:55:58,0
2020-10-30 13:56:28,0
2020-10-30 13:56:58,0
2020-10-30 13:57:28,0
2020-10-30 13:57:58,0
2020-10-30 13:58:28,0
2020-10-30 13:58:58,0
2020-10-30 13:59:28,0
2020-10-30 13:59:58,0
2020-10-30 14:00:28,0
2020-10-30 14:00:58,0
2020-10-30 14:01:28,0
2020-10-30 14:01:58,0
2020-10-30 14:02:28,0
2020-10-30 14:02:58,0
2020-10-30 14:03:28,0
2020-10-30 14:03:58,0
2020-10-30 14:04:28,0
2020-10-30 14:04:58,0
2020-10-30 14:05:28,0
2020-10-30 14:05:58,0
2020-10-30 14:06:28,0
2020-10-30 14:06:58,0
2020-10-30 14:07:28,0
2020-10-30 14:07:58,0
2020-10-30 14:08:28,0
2020-10-30 14:08:58,0
2020-10-30 14:09:28,0
2020-10-30 14:09:58,0
2020-10-30 14:10:28,0
2020-10-30 14:10:58,0
2020-10-30 14:11:28,0
2020-10-30 14:11:58,0
2020-10-30 14:12:28,0
2020-10-30 14:12:58,0
2020-10-30 14:13:28,0
2020-10-30 14:13:58,0
2020-10-30 14:14:28,0
2020-10-30 14:14:58,0
2020-10-30 14:15:28,0
2020-10-30 14:15:58,0
2020-10-30 14:16:28,0
2020-10-30 14:16:58,0
2020-10-30 14:17:28,0
2020-10-30 14:17:58,0
2020-10-30 14:18:28,0
2020-10-30 14:18:58,0
2020-10-30 14:19:28,0
2020-10-30 14:19:58,0
2020-10-30 14:20:28,0
2020-10-30 14:20:58,0
2020-10-30 14:21:28,0
2020-10-30 14:21:58,0
2020-10-30 14:22:28,0
2020-10-30 14:22:58,0
2020-10-30 14:23:28,0
2020-10-30 14:23:58,0
2020-10-30 14:24:28,0
2020-10-30 14:24:58,0
2020-10-30 14:25:28,0
2020-10-30 14:25:58,0
2020-10-30 14:26:28,0
2020-10-30 14:26:58,0
2020-10-30 14:27:28,0
2020-10-30 14:27:58,0
2020-10-30 14:28:28,0
2020-10-30 14:28:58,0
2020-10-30 14:29:28,0
2020-10-30 14:29:58,0
2020-10-30 14:30:28,0
2020-10-30 14:30:58,0
2020-10-30 14:31:28,0
2020-10-30 14:31:58,0
2020-10-30 14:32:28,0
2020-10-30 14:32:58,0
2020-10-30 14:33:28,0
2020-10-30 14:33:58,0
2020-10-30 14:34:28,0
2020-10-30 14:34:58,0
2020-10-30 14:35:28,0
2020-10-30 14:35:58,0
2020-10-30 14:36:28,0
2020-10-30 14:36:58,0
2020-10-30 14:37:28,0
2020-10-30 14:37:58,0
2020-10-30 14:38:28,0
2020-10-30 14:38:58,0
2020-10-30 14:39:28,0
2020-10-30 14:39:58,0
2020-10-30 14:40:28,0
2020-10-30 14:40:58,0
2020-10-30 14:41:28,0
2020-10-30 14:41:58,0
2020-10-30 14:42:28,0
2020-10-30 14:42:58,0
2020-10-30 14:43:28,0
2020-10-30 14:43:58,0
2020-10-30 14:44:28,0
2020-10-30 14:44:58,0
2020-10-30 14:45:28,0
2020-10-30 14:45:58,0
2020-10-30 14:46:28,0
2020-10-30 14:46:58,0
2020-10-30 14:47:28,0
2020-10-30 14:47:58,0
2020-10-30 14:48:28,0
2020-10-30 14:48:58,0
2020-10-30 14:49:28,0
2020-10-30 14:49:58,0
2020-10-30 14:50:28,0
2020-10-30 14:50:58,0
2020-10-30 14:51:28,0
2020-10-30 14:51:58,0
2020-10-30 14:52:28,0
2020-10-30 14:52:58,0
2020-10-30 14:53:28,0
2020-10-30 14:53:58,0
2020-10-30 14:54:28,0
2020-10-30 14:54:58,0
2020-10-30 14:55:28,0
2020-10-30 14:55:58,0
2020-10-30 14:56:28,0
2020-10-30 14:56:58,0
2020-10-30 14:57:28,0
2020-10-30 14:57:58,0
2020-10-30 14:58:28,0
2020-10-30 14:58:58,0
2020-10-30 14:59:28,0
2020-10-30 14:59:58,0
2020-10-30 15:00:28,0
2020-10-30 15:00:58,0
2020-10-30 15:01:28,0
2020-10-30 15:01:58,0
2020-10-30 15:02:28,0
2020-10-30 15:02:58,0
2020-10-30 15:03:28,0
2020-10-30 15:03:58,0
2020-10-30 15:04:28,0
2020-10-30 15:04:58,0
2020-10-30 15:05:28,0
2020-10-30 15:05:58,0
2020-10-30 15:06:28,0
2020-10-30 15:06:58,0
2020-10-30 15:07:28,0
2020-10-30 15:07:58,0
2020-10-30 15:08:28,0
2020-10-30 15:08:58,0
2020-10-30 15:09:28,0
2020-10-30 15:09:58,0
2020-10-30 15:10:28,0
2020-10-30 15:10:58,0
2020-10-30 15:11:28,0
2020-10-30 15:11:58,0
2020-10-30 15:12:28,0
2020-10-30 15:12:58,0
2020-10-30 15:13:28,0
2020-10-30 15:13:58,0
2020-10-30 15:14:28,0
2020-10-30 15:14:58,0
2020-10-30 15:15:28,0
2020-10-30 15:15:58,0
2020-10-30 15:16:28,0
2020-10-30 15:16:58,0
2020-10-30 15:17:28,0
2020-10-30 15:17:58,0
2020-10-30 15:18:28,0
2020-10-30 15:18:58,0
2020-10-30 15:19:28,0
2020-10-30 15:19:58,0
2020-10-30 15:20:28,0
2020-10-30 15:20:58,0
2020-10-30 15:21:28,0
2020-10-30 15:21:58,0
2020-10-30 15:22:28,0
2020-10-30 15:22:58,0
2020-10-30 15:23:28,0
2020-10-30 15:23:58,0
2020-10-30 15:24:28,0
2020-10-30 15:24:58,0
2020-10-30 15:25:28,0
2020-10-30 15:25:58,0
2020-10-30 15:26:28,0
2020-10-30 15:26:58,0
2020-10-30 15:27:28,0
2020-10-30 15:27:58,0
2020-10-30 15:28:28,0
2020-10-30 15:28:58,0
2020-10-30 15:29:28,0
2020-10-30 15:29:58,0
2020-10-30 15:30:28,0
2020-10-30 15:30:58,0
2020-10-30 15:31:28,0
2020-10-30 15:31:58,0
2020-10-30 15:32:28,0
2020-10-30 15:32:58,0
2020-10-30 15:33:28,0
2020-10-30 15:33:58,0
2020-10-30 15:34:28,0
2020-10-30 15:34:58,0
2020-10-30 15:35:28,0
2020-10-30 15:35:58,0
2020-10-30 15:36:28,0
2020-10-30 15:36:58,0
2020-10-30 15:37:28,0
2020-10-30 15:37:58,0
2020-10-30 15:38:28,0
2020-10-30 15:38:58,0
2020-10-30 15:39:28,0
2020-10-30 15:39:58,0
2020-10-30 15:40:28,0
2020-10-30 15:40:58,0
2020-10-30 15:41:28,0
2020-10-30 15:41:58,0
2020-10-30 15:42:28,0
2020-10-30 15:42:58,0
2020-10-30 15:43:28,0
2020-10-30 15:43:58,0
2020-10-30 15:44:28,0
2020-10-30 15:44:58,0
2020-10-30 15:45:28,0
2020-10-30 15:45:58,0
2020-10-30 15:46:28,0
2020-10-30 15:46:58,0
2020-10-30 15:47:28,0
2020-10-30 15:47:58,0
2020-10-30 15:48:28,0
2020-10-30 15:48:58,0
2020-10-30 15:49:28,0
2020-10-30 15:49:58,0
2020-10-30 15:50:28,0
2020-10-30 15:50:58,0
2020-10-30 15:51:28,0
2020-10-30 15:51:58,0
2020-10-30 15:52:28,0
2020-10-30 15:52:58,0
2020-10-30 15:53:28,0
2020-10-30 15:53:58,0
2020-10-30 15:54:28,0
2020-10-30 15:54:58,0
2020-10-30 15:55:28,0
2020-10-30 15:55:58,0
2020-10-30 15:56:28,0
2020-10-30 15:56:58,0
2020-10-30 15:57:28,0
2020-10-30 15:57:58,0
2020-10-30 15:58:28,0
2020-10-30 15:58:58,0
2020-10-30 15:59:28,0
2020-10-30 15:59:58,0
2020-10-30 16:00:28,0
2020-10-30 16:00:58,0
2020-10-30 16:01:28,0
2020-10-30 16:01:58,0
2020-10-30 16:02:28,0
2020-10-30 16:02:58,0
2020-10-30 16:03:28,0
2020-10-30 16:03:58,0
2020-10-30 16:04:28,0
2020-10-30 16:04:58,0
2020-10-30 16:05:28,0
2020-10-30 16:05:58,0
2020-10-30 16:06:28,0
2020-10-30 16:06:58,0
2020-10-30 16:07:28,0
2020-10-30 16:07:58,0
2020-10-30 16:08:28,0
2020-10-30 16:08:58,0
2020-10-30 16:09:28,0
2020-10-30 16:09:58,0
2020-10-30 16:10:28,0
2020-10-30 16:10:58,0
2020-10-30 16:11:28,0
2020-10-30 16:11:58,0
2020-10-30 16:12:28,0
2020-10-30 16:12:58,0
2020-10-30 16:13:28,0
2020-10-30 16:13:58,0
2020-10-30 16:14:28,0
2020-10-30 16:14:58,0
2020-10-30 16:15:28,0
2020-10-30 16:15:58,0
2020-10-30 16:16:28,0
2020-10-30 16:16:58,0
2020-10-30 16:17:28,0
2020-10-30 16:17:58,0
2020-10-30 16:18:28,0
2020-10-30 16:18:58,0
2020-10-30 16:19:28,0
2020-10-30 16:19:58,0
2020-10-30 16:20:28,0
2020-10-30 16:20:58,0
2020-10-30 16:21:28,0
2020-10-30 16:21:58,0
2020-10-30 16:22:28,0
2020-10-30 16:22:58,0
2020-10-30 16:23:28,0
2020-10-30 16:23:58,0
2020-10-30 16:24:28,0
2020-10-30 16:24:58,0
2020-10-30 16:25:28,0
2020-10-30 16:25:58,0
2020-10-30 16:26:28,0
2020-10-30 16:26:58,0
2020-10-30 16:27:28,0
2020-10-30 16:27:58,0
2020-10-30 16:28:28,0
2020-10-30 16:28:58,0
2020-10-30 16:29:28,0
2020-10-30 16:29:58,0
2020-10-30 16:30:28,0
2020-10-30 16:30:58,0
2020-10-30 16:31:28,0
2020-10-30 16:31:58,0
2020-10-30 16:32:28,0
2020-10-30 16:32:58,0
2020-10-30 16:33:28,0
2020-10-30 16:33:58,0
2020-10-30 16:34:28,0
2020-10-30 16:34:58,0
2020-10-30 16:35:28,0
2020-10-30 16:35:58,0
2020-10-30 16:36:28,0
2020-10-30 16:36:58,0
2020-10-30 16:37:28,0
2020-10-30 16:37:58,0
2020-10-30 16:38:28,0
2020-10-30 16:38:58,0
2020-10-30 16:39:28,0
2020-10-30 16:39:58,0
2020-10-30 16:40:28,0
2020-10-30 16:40:58,0
2020-10-30 16:41:28,0
2020-10-30 16:41:58,0
2020-10-30 16:42:28,0
2020-10-30 16:42:58,0
2020-10-30 16:43:28,0
2020-10-30 16:43:58,0
2020-10-30 16:44:28,0
2020-10-30 16:44:58,0
2020-10-30 16:45:28,0
2020-10-30 16:45:58,0
2020-10-30 16:46:28,0
2020-10-30 16:46:58,0
2020-10-30 16:47:28,0
2020-10-30 16:47:58,0
2020-10-30 16:48:28,0
2020-10-30 16:48:58,0
2020-10-30 16:49:28,0
2020-10-30 16:49:58,0
2020-10-30 16:50:28,0
2020-10-30 16:50:58,0
2020-10-30 16:51:28,0
2020-10-30 16:51:58,0
2020-10-30 16:52:28,0
2020-10-30 16:52:58,0
2020-10-30 16:53:28,0
2020-10-30 16:53:58,0
2020-10-30 16:54:28,0
2020-10-30 16:54:58,0
2020-10-30 16:55:28,0
2020-10-30 16:55:58,0
2020-10-30 16:56:28,0
2020-10-30 16:56:58,0
2020-10-30 16:57:28,0
2020-10-30 16:57:58,0
2020-10-30 16:58:28,0
2020-10-30 16:58:58,0
2020-10-30 16:59:28,0
2020-10-30 16:59:58,0
2020-10-30 17:00:28,0
2020-10-30 17:00:58,0
2020-10-30 17:01:28,0
2020-10-30 17:01:58,0
2020-10-30 17:02:28,0
2020-10-30 17:02:58,0
2020-10-30 17:03:28,0
2020-10-30 17:03:58,0
2020-10-30 17:04:28,0
2020-10-30 17:04:58,0
2020-10-30 17:05:28,0
2020-10-30 17:05:58,0
2020-10-30 17:06:28,0
2020-10-30 17:06:58,0
2020-10-30 17:07:28,0
2020-10-30 17:07:58,0
2020-10-30 17:08:28,0
2020-10-30 17:08:58,0
2020-10-30 17:09:28,0
2020-10-30 17:09:58,0
2020-10-30 17:10:28,0
2020-10-30 17:10:58,0
2020-10-30 17:11:28,0
2020-10-30 17:11:58,0
2020-10-30 17:12:28,0
2020-10-30 17:12:58,0
2020-10-30 17:13:28,0
2020-10-30 17:13:58,0
2020-10-30 17:14:28,0
2020-10-30 17:14:58,0
2020-10-30 17:15:28,0
2020-10-30 17:15:58,0
2020-10-30 17:16:28,0
2020-10-30 17:16:58,0
2020-10-30 17:17:28,0
2020-10-30 17:17:58,0
2020-10-30 17:18:28,0
2020-10-30 17:18:58,0
2020-10-30 17:19:28,0
2020-10-30 17:19:58,0
2020-10-30 17:20:28,0
2020-10-30 17:20:58,0
2020-10-30 17:21:28,0
2020-10-30 17:21:58,0
2020-10-30 17:22:28,0
2020-10-30 17:22:58,0
2020-10-30 17:23:28,0
2020-10-30 17:23:58,0
2020-10-30 17:24:28,0
2020-10-30 17:24:58,0
2020-10-30 17:25:28,0
2020-10-30 17:25:58,0
2020-10-30 17:26:28,0
2020-10-30 17:26:58,0
2020-10-30 17:27:28,0
2020-10-30 17:27:58,0
2020-10-30 17:28:28,0
2020-10-30 17:28:58,0
2020-10-30 17:29:28,0
2020-10-30 17:29:58,0
2020-10-30 17:30:28,0
2020-10-30 17:30:58,0
2020-10-30 17:31:28,0
2020-10-30 17:31:58,0
2020-10-30 17:32:28,0
2020-10-30 17:32:58,0
2020-10-30 17:33:28,0
2020-10-30 17:33:58,0
2020-10-30 17:34:28,0
2020-10-30 17:34:58,0
2020-10-30 17:35:28,0
2020-10-30 17:35:58,0
2020-10-30 17:36:28,0
2020-10-30 17:36:58,0
2020-10-30 17:37:28,0
2020-10-30 17:37:58,0
2020-10-30 17:38:28,0
2020-10-30 17:38:58,0
2020-10-30 17:39:28,0
2020-10-30 17:39:58,0
2020-10-30 17:40:28,0
2020-10-30 17:40:58,0
2020-10-30 17:41:28,0
2020-10-30 17:41:58,0
2020-10-30 17:42:28,0
2020-10-30 17:42:58,0
2020-10-30 17:43:28,0
2020-10-30 17:43:58,0
2020-10-30 17:44:28,0
2020-10-30 17:44:58,0
2020-10-30 17:45:28,0
2020-10-30 17:45:58,0
2020-10-30 17:46:28,0
2020-10-30 17:46:58,0
2020-10-30 17:47:28,0
2020-10-30 17:47:58,0
2020-10-30 17:48:28,0
2020-10-30 17:48:58,0
2020-10-30 17:49:28,0
2020-10-30 17:49:58,0
2020-10-30 17:50:28,0
2020-10-30 17:50:58,0
2020-10-30 17:51:28,0
2020-10-30 17:51:58,0
2020-10-30 17:52:28,0
2020-10-30 17:52:59,0
2020-10-30 17:53:28,0
2020-10-30 17:53:58,0
2020-10-30 17:54:28,0
2020-10-30 17:54:58,0
2020-10-30 17:55:28,0
2020-10-30 17:55:58,0
2020-10-30 17:56:28,0
2020-10-30 17:56:58,0
2020-10-30 17:57:28,0
2020-10-30 17:57:58,0
2020-10-30 17:58:28,0
2020-10-30 17:58:58,0
2020-10-30 17:59:28,0
2020-10-30 17:59:58,0
2020-10-30 18:00:28,0
2020-10-30 18:00:58,0
2020-10-30 18:01:28,0
2020-10-30 18:01:58,0
2020-10-30 18:02:28,0
2020-10-30 18:02:58,0
2020-10-30 18:03:28,0
2020-10-30 18:03:58,0
2020-10-30 18:04:28,0
2020-10-30 18:04:58,0
2020-10-30 18:05:28,0
2020-10-30 18:05:58,0
2020-10-30 18:06:28,0
2020-10-30 18:06:58,0
2020-10-30 18:07:28,0
2020-10-30 18:07:58,0
2020-10-30 18:08:28,0
2020-10-30 18:08:58,0
2020-10-30 18:09:28,0
2020-10-30 18:09:58,0
2020-10-30 18:10:28,0
2020-10-30 18:10:58,0
2020-10-30 18:11:28,0
2020-10-30 18:11:58,0
2020-10-30 18:12:28,0
2020-10-30 18:12:58,0
2020-10-30 18:13:28,0
2020-10-30 18:13:58,0
2020-10-30 18:14:28,0
2020-10-30 18:14:58,0
2020-10-30 18:15:28,0
2020-10-30 18:15:58,0
2020-10-30 18:16:28,0
2020-10-30 18:16:58,0
2020-10-30 18:17:28,0
2020-10-30 18:17:58,0
2020-10-30 18:18:28,0
2020-10-30 18:18:58,0
2020-10-30 18:19:28,0
2020-10-30 18:19:58,0
2020-10-30 18:20:28,0
2020-10-30 18:20:58,0
2020-10-30 18:21:28,0
2020-10-30 18:21:58,0
2020-10-30 18:22:28,0
2020-10-30 18:22:58,0
2020-10-30 18:23:28,0
2020-10-30 18:23:58,0
2020-10-30 18:24:28,0
2020-10-30 18:24:58,0
2020-10-30 18:25:28,0
2020-10-30 18:25:58,0
2020-10-30 18:26:28,0
2020-10-30 18:26:58,0
2020-10-30 18:27:28,0
2020-10-30 18:27:58,0
2020-10-30 18:28:28,0
2020-10-30 18:28:58,0
2020-10-30 18:29:28,0
2020-10-30 18:29:58,0
2020-10-30 18:30:28,0
2020-10-30 18:30:58,0
2020-10-30 18:31:28,0
2020-10-30 18:31:58,0
2020-10-30 18:32:28,0
2020-10-30 18:32:58,0
2020-10-30 18:33:28,0
2020-10-30 18:33:58,0
2020-10-30 18:34:28,0
2020-10-30 18:34:58,0
2020-10-30 18:35:28,0
2020-10-30 18:35:58,0
2020-10-30 18:36:28,0
2020-10-30 18:36:58,0
2020-10-30 18:37:28,0
2020-10-30 18:37:58,0
2020-10-30 18:38:28,0
2020-10-30 18:38:58,0
2020-10-30 18:39:28,0
2020-10-30 18:39:58,0
2020-10-30 18:40:28,0
2020-10-30 18:40:58,0
2020-10-30 18:41:28,0
2020-10-30 18:41:58,0
2020-10-30 18:42:28,0
2020-10-30 18:42:58,0
2020-10-30 18:43:28,0
2020-10-30 18:43:58,0
2020-10-30 18:44:28,0
2020-10-30 18:44:58,0
2020-10-30 18:45:28,0
2020-10-30 18:45:58,0
2020-10-30 18:46:28,0
2020-10-30 18:46:58,0
2020-10-30 18:47:28,0
2020-10-30 18:47:58,0
2020-10-30 18:48:28,0
2020-10-30 18:48:58,0
2020-10-30 18:49:28,0
2020-10-30 18:49:58,0
2020-10-30 18:50:28,0
2020-10-30 18:50:58,0
2020-10-30 18:51:28,0
2020-10-30 18:51:58,0
2020-10-30 18:52:28,0
2020-10-30 18:52:58,0
2020-10-30 18:53:28,0
2020-10-30 18:53:58,0
2020-10-30 18:54:28,0
2020-10-30 18:54:58,0
2020-10-30 18:55:28,0
2020-10-30 18:55:58,0
2020-10-30 18:56:28,0
2020-10-30 18:56:58,0
2020-10-30 18:57:28,0
2020-10-30 18:57:58,0
2020-10-30 18:58:28,0
2020-10-30 18:58:58,0
2020-10-30 18:59:28,0
2020-10-30 18:59:58,0
2020-10-30 19:00:28,0
2020-10-30 19:00:58,0
2020-10-30 19:01:28,0
2020-10-30 19:01:58,0
2020-10-30 19:02:28,0
2020-10-30 19:02:58,0
2020-10-30 19:03:28,0
2020-10-30 19:03:58,0
2020-10-30 19:04:28,0
2020-10-30 19:04:58,0
2020-10-30 19:05:28,0
2020-10-30 19:05:58,0
2020-10-30 19:06:28,0
2020-10-30 19:06:58,0
2020-10-30 19:07:28,0
2020-10-30 19:07:58,0
2020-10-30 19:08:28,0
2020-10-30 19:08:58,0
2020-10-30 19:09:28,0
2020-10-30 19:09:58,0
2020-10-30 19:10:28,0
2020-10-30 19:10:58,0
2020-10-30 19:11:28,0
2020-10-30 19:11:58,0
2020-10-30 19:12:28,0
2020-10-30 19:12:58,0
2020-10-30 19:13:28,0
2020-10-30 19:13:58,0
2020-10-30 19:14:28,0
2020-10-30 19:14:58,0
2020-10-30 19:15:28,0
2020-10-30 19:15:58,0
2020-10-30 19:16:28,0
2020-10-30 19:16:58,0
2020-10-30 19:17:28,0
2020-10-30 19:17:58,0
2020-10-30 19:18:28,0
2020-10-30 19:18:58,0
2020-10-30 19:19:28,0
2020-10-30 19:19:58,0
2020-10-30 19:20:28,0
2020-10-30 19:20:58,0
2020-10-30 19:21:28,0
2020-10-30 19:21:58,0
2020-10-30 19:22:28,0
2020-10-30 19:22:58,0
2020-10-30 19:23:28,0
2020-10-30 19:23:58,0
2020-10-30 19:24:28,0
2020-10-30 19:24:58,0
2020-10-30 19:25:28,0
2020-10-30 19:25:58,0
2020-10-30 19:26:28,0
2020-10-30 19:26:58,0
2020-10-30 19:27:28,0
2020-10-30 19:27:58,0
2020-10-30 19:28:28,0
2020-10-30 19:28:58,0
2020-10-30 19:29:28,0
2020-10-30 19:29:58,0
2020-10-30 19:30:28,0
2020-10-30 19:30:58,0
2020-10-30 19:31:28,0
2020-10-30 19:31:58,0
2020-10-30 19:32:28,0
2020-10-30 19:32:58,0
2020-10-30 19:33:28,0
2020-10-30 19:33:58,0
2020-10-30 19:34:28,0
2020-10-30 19:34:58,0
2020-10-30 19:35:28,0
2020-10-30 19:35:58,0
2020-10-30 19:36:28,0
2020-10-30 19:36:58,0
2020-10-30 19:37:28,0
2020-10-30 19:37:58,0
2020-10-30 19:38:28,0
2020-10-30 19:38:58,0
2020-10-30 19:39:28,0
2020-10-30 19:39:58,0
2020-10-30 19:40:28,0
2020-10-30 19:40:58,0
2020-10-30 19:41:28,0
2020-10-30 19:41:58,0
2020-10-30 19:42:28,0
2020-10-30 19:42:58,0
2020-10-30 19:43:28,0
2020-10-30 19:43:58,0
2020-10-30 19:44:28,0
2020-10-30 19:44:58,0
2020-10-30 19:45:28,0
2020-10-30 19:45:58,0
2020-10-30 19:46:28,0
2020-10-30 19:46:58,0
2020-10-30 19:47:28,0
2020-10-30 19:47:58,0
2020-10-30 19:48:28,0
2020-10-30 19:48:58,0
2020-10-30 19:49:28,0
2020-10-30 19:49:58,0
2020-10-30 19:50:28,0
2020-10-30 19:50:58,0
2020-10-30 19:51:28,0
2020-10-30 19:51:58,0
2020-10-30 19:52:28,0
2020-10-30 19:52:58,0
2020-10-30 19:53:28,0
2020-10-30 19:53:58,0
2020-10-30 19:54:28,0
2020-10-30 19:54:58,0
2020-10-30 19:55:28,0
2020-10-30 19:55:58,0
2020-10-30 19:56:28,0
2020-10-30 19:56:58,0
2020-10-30 19:57:28,0
2020-10-30 19:57:58,0
2020-10-30 19:58:28,0
2020-10-30 19:58:58,0
2020-10-30 19:59:28,0
2020-10-30 19:59:58,0
2020-10-30 20:00:28,0
2020-10-30 20:00:58,0
2020-10-30 20:01:28,0
2020-10-30 20:01:58,0
2020-10-30 20:02:28,0
2020-10-30 20:02:58,0
2020-10-30 20:03:28,0
2020-10-30 20:03:58,0
2020-10-30 20:04:28,0
2020-10-30 20:04:58,0
2020-10-30 20:05:28,0
2020-10-30 20:05:58,0
2020-10-30 20:06:28,0
2020-10-30 20:06:58,0
2020-10-30 20:07:28,0
2020-10-30 20:07:58,0
2020-10-30 20:08:28,0
2020-10-30 20:08:58,0
2020-10-30 20:09:28,0
2020-10-30 20:09:58,0
2020-10-30 20:10:28,0
2020-10-30 20:10:58,0
2020-10-30 20:11:28,0
2020-10-30 20:11:58,0
2020-10-30 20:12:28,0
2020-10-30 20:12:58,0
2020-10-30 20:13:28,0
2020-10-30 20:13:58,0
2020-10-30 20:14:28,0
2020-10-30 20:14:58,0
2020-10-30 20:15:28,0
2020-10-30 20:15:58,0
2020-10-30 20:16:28,0
2020-10-30 20:16:58,0
2020-10-30 20:17:28,0
2020-10-30 20:17:58,0
2020-10-30 20:18:28,0
2020-10-30 20:18:58,0
2020-10-30 20:19:28,0
2020-10-30 20:19:58,0
2020-10-30 20:20:28,0
2020-10-30 20:20:58,0
2020-10-30 20:21:28,0
2020-10-30 20:21:58,0
2020-10-30 20:22:28,0
2020-10-30 20:22:58,0
2020-10-30 20:23:28,0
2020-10-30 20:23:58,0
2020-10-30 20:24:28,0
2020-10-30 20:24:58,0
2020-10-30 20:25:28,0
2020-10-30 20:25:58,0
2020-10-30 20:26:28,0
2020-10-30 20:26:58,0
2020-10-30 20:27:28,0
2020-10-30 20:27:58,0
2020-10-30 20:28:28,0
2020-10-30 20:28:58,0
2020-10-30 20:29:28,0
2020-10-30 20:29:58,0
2020-10-30 20:30:28,0
2020-10-30 20:30:58,0
2020-10-30 20:31:28,0
2020-10-30 20:31:58,0
2020-10-30 20:32:28,0
2020-10-30 20:32:58,0
2020-10-30 20:33:28,0
2020-10-30 20:33:58,0
2020-10-30 20:34:28,0
2020-10-30 20:34:58,0
2020-10-30 20:35:28,0
2020-10-30 20:35:58,0
2020-10-30 20:36:28,0
2020-10-30 20:36:58,0
2020-10-30 20:37:28,0
2020-10-30 20:37:58,0
2020-10-30 20:38:28,0
2020-10-30 20:38:58,0
2020-10-30 20:39:28,0
2020-10-30 20:39:58,0
2020-10-30 20:40:28,0
2020-10-30 20:40:58,0
2020-10-30 20:41:28,0
2020-10-30 20:41:58,0
2020-10-30 20:42:28,0
2020-10-30 20:42:58,0
2020-10-30 20:43:28,0
2020-10-30 20:43:58,0
2020-10-30 20:44:28,0
2020-10-30 20:44:58,0
2020-10-30 20:45:28,0
2020-10-30 20:45:58,0
2020-10-30 20:46:28,0
2020-10-30 20:46:58,0
2020-10-30 20:47:28,0
2020-10-30 20:47:58,0
2020-10-30 20:48:28,0
2020-10-30 20:48:58,0
2020-10-30 20:49:28,0
2020-10-30 20:49:58,0
2020-10-30 20:50:28,0
2020-10-30 20:50:58,0
2020-10-30 20:51:28,0
2020-10-30 20:51:58,0
2020-10-30 20:52:28,0
2020-10-30 20:52:58,0
2020-10-30 20:53:28,0
2020-10-30 20:53:58,0
2020-10-30 20:54:28,0
2020-10-30 20:54:58,0
2020-10-30 20:55:28,0
2020-10-30 20:55:58,0
2020-10-30 20:56:28,0
2020-10-30 20:56:58,0
2020-10-30 20:57:28,0
2020-10-30 20:57:58,0
2020-10-30 20:58:28,0
2020-10-30 20:58:58,0
2020-10-30 20:59:28,0
2020-10-30 20:59:58,0
2020-10-30 21:00:28,0
2020-10-30 21:00:58,0
2020-10-30 21:01:28,0
2020-10-30 21:01:58,0
2020-10-30 21:02:28,0
2020-10-30 21:02:58,0
2020-10-30 21:03:28,0
2020-10-30 21:03:58,0
2020-10-30 21:04:28,0
2020-10-30 21:04:58,0
2020-10-30 21:05:28,0
2020-10-30 21:05:58,0
2020-10-30 21:06:28,0
2020-10-30 21:06:58,0
2020-10-30 21:07:28,0
2020-10-30 21:07:58,0
2020-10-30 21:08:28,0
2020-10-30 21:08:58,0
2020-10-30 21:09:28,0
2020-10-30 21:09:58,0
2020-10-30 21:10:28,0
2020-10-30 21:10:58,0
2020-10-30 21:11:28,0
2020-10-30 21:11:58,0
2020-10-30 21:12:28,0
2020-10-30 21:12:58,0
2020-10-30 21:13:28,0
2020-10-30 21:13:58,0
2020-10-30 21:14:28,0
2020-10-30 21:14:58,0
2020-10-30 21:15:28,0
2020-10-30 21:15:58,0
2020-10-30 21:16:28,0
2020-10-30 21:16:58,0
2020-10-30 21:17:28,0
2020-10-30 21:17:58,0
2020-10-30 21:18:28,0
2020-10-30 21:18:58,0
2020-10-30 21:19:28,0
2020-10-30 21:19:58,0
2020-10-30 21:20:28,0
2020-10-30 21:20:58,0
2020-10-30 21:21:28,0
2020-10-30 21:21:58,0
2020-10-30 21:22:28,0
2020-10-30 21:22:58,0
2020-10-30 21:23:28,0
2020-10-30 21:23:58,0
2020-10-30 21:24:28,0
2020-10-30 21:24:58,0
2020-10-30 21:25:28,0
2020-10-30 21:25:58,0
2020-10-30 21:26:28,0
2020-10-30 21:26:58,0
2020-10-30 21:27:28,0
2020-10-30 21:27:58,0
2020-10-30 21:28:28,0
2020-10-30 21:28:58,0
2020-10-30 21:29:28,0
2020-10-30 21:29:58,0
2020-10-30 21:30:28,0
2020-10-30 21:30:58,0
2020-10-30 21:31:28,0
2020-10-30 21:31:58,0
2020-10-30 21:32:28,0
2020-10-30 21:32:58,0
2020-10-30 21:33:28,0
2020-10-30 21:33:58,0
2020-10-30 21:34:28,0
2020-10-30 21:34:58,0
2020-10-30 21:35:28,0
2020-10-30 21:35:58,0
2020-10-30 21:36:28,0
2020-10-30 21:36:58,0
2020-10-30 21:37:28,0
2020-10-30 21:37:58,0
2020-10-30 21:38:28,0
2020-10-30 21:38:58,0
2020-10-30 21:39:28,0
2020-10-30 21:39:58,0
2020-10-30 21:40:28,0
2020-10-30 21:40:58,0
2020-10-30 21:41:28,0
2020-10-30 21:41:58,0
2020-10-30 21:42:28,0
2020-10-30 21:42:58,0
2020-10-30 21:43:28,0
2020-10-30 21:43:58,0
2020-10-30 21:44:28,0
2020-10-30 21:44:58,0
2020-10-30 21:45:28,0
2020-10-30 21:45:58,0
2020-10-30 21:46:28,0
2020-10-30 21:46:58,0
2020-10-30 21:47:28,0
2020-10-30 21:47:58,0
2020-10-30 21:48:28,0
2020-10-30 21:48:58,0
2020-10-30 21:49:28,0
2020-10-30 21:49:58,0
2020-10-30 21:50:28,0
2020-10-30 21:50:58,0
2020-10-30 21:51:28,0
2020-10-30 21:51:58,0
2020-10-30 21:52:28,0
2020-10-30 21:52:58,0
2020-10-30 21:53:28,0
2020-10-30 21:53:58,0
2020-10-30 21:54:28,0
2020-10-30 21:54:58,0
2020-10-30 21:55:28,0
2020-10-30 21:55:58,0
2020-10-30 21:56:28,0
2020-10-30 21:56:58,0
2020-10-30 21:57:28,0
2020-10-30 21:57:58,0
2020-10-30 21:58:28,0
2020-10-30 21:58:58,0
2020-10-30 21:59:28,0
2020-10-30 21:59:58,0
2020-10-30 22:00:28,0
2020-10-30 22:00:58,0
2020-10-30 22:01:28,0
2020-10-30 22:01:58,0
2020-10-30 22:02:28,0
2020-10-30 22:02:58,0
2020-10-30 22:03:28,0
2020-10-30 22:03:58,0
2020-10-30 22:04:28,0
2020-10-30 22:04:58,0
2020-10-30 22:05:28,0
2020-10-30 22:05:58,0
2020-10-30 22:06:28,0
2020-10-30 22:06:58,0
2020-10-30 22:07:28,0
2020-10-30 22:07:58,0
2020-10-30 22:08:28,0
2020-10-30 22:08:58,0
2020-10-30 22:09:28,0
2020-10-30 22:09:58,0
2020-10-30 22:10:28,0
2020-10-30 22:10:58,0
2020-10-30 22:11:28,0
2020-10-30 22:11:58,0
2020-10-30 22:12:28,0
2020-10-30 22:12:58,0
2020-10-30 22:13:28,0
2020-10-30 22:13:58,0
2020-10-30 22:14:28,0
2020-10-30 22:14:58,0
2020-10-30 22:15:28,0
2020-10-30 22:15:58,0
2020-10-30 22:16:28,0
2020-10-30 22:16:58,0
2020-10-30 22:17:28,0
2020-10-30 22:17:58,0
2020-10-30 22:18:28,0
2020-10-30 22:18:58,0
2020-10-30 22:19:28,0
2020-10-30 22:19:58,0
2020-10-30 22:20:28,0
2020-10-30 22:20:58,0
2020-10-30 22:21:28,0
2020-10-30 22:21:58,0
2020-10-30 22:22:28,0
2020-10-30 22:22:58,0
2020-10-30 22:23:28,0
2020-10-30 22:23:58,0
2020-10-30 22:24:28,0
2020-10-30 22:24:58,0
2020-10-30 22:25:28,0
2020-10-30 22:25:58,0
2020-10-30 22:26:28,0
2020-10-30 22:26:58,0
2020-10-30 22:27:28,0
2020-10-30 22:27:58,0
2020-10-30 22:28:28,0
2020-10-30 22:28:58,0
2020-10-30 22:29:28,0
2020-10-30 22:29:58,0
2020-10-30 22:30:28,0
2020-10-30 22:30:58,0
2020-10-30 22:31:28,0
2020-10-30 22:31:58,0
2020-10-30 22:32:28,0
2020-10-30 22:32:58,0
2020-10-30 22:33:28,0
2020-10-30 22:33:58,0
2020-10-30 22:34:28,0
2020-10-30 22:34:58,0
2020-10-30 22:35:28,0
2020-10-30 22:35:58,0
2020-10-30 22:36:28,0
2020-10-30 22:36:58,0
2020-10-30 22:37:28,0
2020-10-30 22:37:58,0
2020-10-30 22:38:28,0
2020-10-30 22:38:58,0
2020-10-30 22:39:28,0
2020-10-30 22:39:58,0
2020-10-30 22:40:28,0
2020-10-30 22:40:58,0
2020-10-30 22:41:28,0
2020-10-30 22:41:58,0
2020-10-30 22:42:28,0
2020-10-30 22:42:58,0
2020-10-30 22:43:28,0
2020-10-30 22:43:58,0
2020-10-30 22:44:28,0
2020-10-30 22:44:58,0
2020-10-30 22:45:28,0
2020-10-30 22:45:58,0
2020-10-30 22:46:28,0
2020-10-30 22:46:58,0
2020-10-30 22:47:28,0
2020-10-30 22:47:58,0
2020-10-30 22:48:28,0
2020-10-30 22:48:58,0
2020-10-30 22:49:28,0
2020-10-30 22:49:58,0
2020-10-30 22:50:28,0
2020-10-30 22:50:58,0
2020-10-30 22:51:28,0
2020-10-30 22:51:58,0
2020-10-30 22:52:28,0
2020-10-30 22:52:58,0
2020-10-30 22:53:28,0
2020-10-30 22:53:58,0
2020-10-30 22:54:28,0
2020-10-30 22:54:58,0
2020-10-30 22:55:28,0
2020-10-30 22:55:58,0
2020-10-30 22:56:28,0
2020-10-30 22:56:58,0
2020-10-30 22:57:28,0
2020-10-30 22:57:58,0
2020-10-30 22:58:28,0
2020-10-30 22:58:58,0
2020-10-30 22:59:28,0
2020-10-30 22:59:58,0
2020-10-30 23:00:28,0
2020-10-30 23:00:58,0
2020-10-30 23:01:28,0
2020-10-30 23:01:58,0
2020-10-30 23:02:28,0
2020-10-30 23:02:58,0
2020-10-30 23:03:28,0
2020-10-30 23:03:58,0
2020-10-30 23:04:28,0
2020-10-30 23:04:58,0
2020-10-30 23:05:28,0
2020-10-30 23:05:58,0
2020-10-30 23:06:28,0
2020-10-30 23:06:58,0
2020-10-30 23:07:28,0
2020-10-30 23:07:58,0
2020-10-30 23:08:28,0
2020-10-30 23:08:58,0
2020-10-30 23:09:28,0
2020-10-30 23:09:58,0
2020-10-30 23:10:28,0
2020-10-30 23:10:58,0
2020-10-30 23:11:28,0
2020-10-30 23:11:58,0
2020-10-30 23:12:28,0
2020-10-30 23:12:58,0
2020-10-30 23:13:28,0
2020-10-30 23:13:58,0
2020-10-30 23:14:28,0
2020-10-30 23:14:58,0
2020-10-30 23:15:28,0
2020-10-30 23:15:58,0
2020-10-30 23:16:28,0
2020-10-30 23:16:58,0
2020-10-30 23:17:28,0
2020-10-30 23:17:58,0
2020-10-30 23:18:28,0
2020-10-30 23:18:58,0
2020-10-30 23:19:28,0
2020-10-30 23:19:58,0
2020-10-30 23:20:28,0
2020-10-30 23:20:58,0
2020-10-30 23:21:28,0
2020-10-30 23:21:58,0
2020-10-30 23:22:28,0
2020-10-30 23:22:58,0
2020-10-30 23:23:28,0
2020-10-30 23:23:58,0
2020-10-30 23:24:28,0
2020-10-30 23:24:58,0
2020-10-30 23:25:28,0
2020-10-30 23:25:58,0
2020-10-30 23:26:28,0
2020-10-30 23:26:58,0
2020-10-30 23:27:28,0
2020-10-30 23:27:58,0
2020-10-30 23:28:28,0
2020-10-30 23:28:58,0
2020-10-30 23:29:28,0
2020-10-30 23:29:58,0
2020-10-30 23:30:28,0
2020-10-30 23:30:58,0
2020-10-30 23:31:28,0
2020-10-30 23:31:58,0
2020-10-30 23:32:28,0
2020-10-30 23:32:58,0
2020-10-30 23:33:28,0
2020-10-30 23:33:58,0
2020-10-30 23:34:28,0
2020-10-30 23:34:58,0
2020-10-30 23:35:28,0
2020-10-30 23:35:58,0
2020-10-30 23:36:28,0
2020-10-30 23:36:58,0
2020-10-30 23:37:28,0
2020-10-30 23:37:58,0
2020-10-30 23:38:28,0
2020-10-30 23:38:58,0
2020-10-30 23:39:28,0
2020-10-30 23:39:58,0
2020-10-30 23:40:28,0
2020-10-30 23:40:58,0
2020-10-30 23:41:28,0
2020-10-30 23:41:58,0
2020-10-30 23:42:28,0
2020-10-30 23:42:58,0
2020-10-30 23:43:28,0
2020-10-30 23:43:58,0
2020-10-30 23:44:28,0
2020-10-30 23:44:58,0
2020-10-30 23:45:28,0
2020-10-30 23:45:58,0
2020-10-30 23:46:28,0
2020-10-30 23:46:58,0
2020-10-30 23:47:28,0
2020-10-30 23:47:58,0
2020-10-30 23:48:28,0
2020-10-30 23:48:58,0
2020-10-30 23:49:28,0
2020-10-30 23:49:58,0
2020-10-30 23:50:28,0
2020-10-30 23:50:58,0
2020-10-30 23:51:28,0
2020-10-30 23:51:58,0
2020-10-30 23:52:28,0
2020-10-30 23:52:58,0
2020-10-30 23:53:28,0
2020-10-30 23:53:58,0
2020-10-30 23:54:28,0
2020-10-30 23:54:58,0
2020-10-30 23:55:28,0
2020-10-30 23:55:58,0
2020-10-30 23:56:28,0
2020-10-30 23:56:58,0
2020-10-30 23:57:28,0
2020-10-30 23:57:58,0
2020-10-30 23:58:28,0
2020-10-30 23:58:58,0
2020-10-30 23:59:28,0
2020-10-30 23:59:58,0
2020-10-31 00:00:28,0
2020-10-31 00:00:58,0
2020-10-31 00:01:28,0
2020-10-31 00:01:58,0
2020-10-31 00:02:28,0
2020-10-31 00:02:58,0
2020-10-31 00:03:28,0
2020-10-31 00:03:58,0
2020-10-31 00:04:28,0
2020-10-31 00:04:58,0
2020-10-31 00:05:28,0
2020-10-31 00:05:58,0
2020-10-31 00:06:28,0
2020-10-31 00:06:58,0
2020-10-31 00:07:28,0
2020-10-31 00:07:58,0
2020-10-31 00:08:28,0
2020-10-31 00:08:58,0
2020-10-31 00:09:28,0
2020-10-31 00:09:58,0
2020-10-31 00:10:28,0
2020-10-31 00:10:58,0
2020-10-31 00:11:28,0
2020-10-31 00:11:58,0
2020-10-31 00:12:28,0
2020-10-31 00:12:58,0
2020-10-31 00:13:28,0
2020-10-31 00:13:58,0
2020-10-31 00:14:28,0
2020-10-31 00:14:58,0
2020-10-31 00:15:28,0
2020-10-31 00:15:58,0
2020-10-31 00:16:28,0
2020-10-31 00:16:58,0
2020-10-31 00:17:28,0
2020-10-31 00:17:58,0
2020-10-31 00:18:28,0
2020-10-31 00:18:58,0
2020-10-31 00:19:28,0
2020-10-31 00:19:58,0
2020-10-31 00:20:28,0
2020-10-31 00:20:58,0
2020-10-31 00:21:28,0
2020-10-31 00:21:58,0
2020-10-31 00:22:28,0
2020-10-31 00:22:58,0
2020-10-31 00:23:28,0
2020-10-31 00:23:58,0
2020-10-31 00:24:28,0
2020-10-31 00:24:58,0
2020-10-31 00:25:28,0
2020-10-31 00:25:58,0
2020-10-31 00:26:28,0
2020-10-31 00:26:58,0
2020-10-31 00:27:28,0
2020-10-31 00:27:58,0
2020-10-31 00:28:28,0
2020-10-31 00:28:58,0
2020-10-31 00:29:28,0
2020-10-31 00:29:58,0
2020-10-31 00:30:28,0
2020-10-31 00:30:58,0
2020-10-31 00:31:28,0
2020-10-31 00:31:58,0
2020-10-31 00:32:28,0
2020-10-31 00:32:58,0
2020-10-31 00:33:28,0
2020-10-31 00:33:58,0
2020-10-31 00:34:28,0
2020-10-31 00:34:58,0
2020-10-31 00:35:28,0
2020-10-31 00:35:58,0
2020-10-31 00:36:28,0
2020-10-31 00:36:58,0
2020-10-31 00:37:28,0
2020-10-31 00:37:58,0
2020-10-31 00:38:28,0
2020-10-31 00:38:58,0
2020-10-31 00:39:28,0
2020-10-31 00:39:58,0
2020-10-31 00:40:28,0
2020-10-31 00:40:58,0
2020-10-31 00:41:28,0
2020-10-31 00:41:58,0
2020-10-31 00:42:28,0
2020-10-31 00:42:58,0
2020-10-31 00:43:28,0
2020-10-31 00:43:58,0
2020-10-31 00:44:28,0
2020-10-31 00:44:58,0
2020-10-31 00:45:28,0
2020-11-03 09:57:58,0
2020-11-03 09:58:28,0
2020-11-03 09:58:58,0
2020-11-03 09:59:28,0
2020-11-03 09:59:58,0
2020-11-03 10:00:28,0
2020-11-03 10:00:58,0
2020-11-03 10:01:28,0
2020-11-03 10:01:58,0
2020-11-03 10:02:28,0
2020-11-03 10:02:58,0
2020-11-03 10:03:28,0
2020-11-03 10:03:58,0
2020-11-03 10:04:28,0
2020-11-03 10:04:58,0
2020-11-03 10:05:28,0
2020-11-03 10:05:58,0
2020-11-03 10:06:28,0
2020-11-03 10:06:58,0
2020-11-03 10:07:28,0
2020-11-03 10:07:58,0
2020-11-03 10:08:28,0
2020-11-03 10:08:58,0
2020-11-03 10:09:28,0
2020-11-03 10:09:58,0
2020-11-03 10:10:28,0
2020-11-03 10:10:58,0
2020-11-03 10:11:28,0
2020-11-03 10:11:58,0
2020-11-03 10:12:28,0
2020-11-03 10:12:58,0
2020-11-03 10:13:28,0
2020-11-03 10:13:58,0
2020-11-03 10:14:28,0
2020-11-03 10:14:58,0
2020-11-03 10:15:28,0
2020-11-03 10:15:58,0
2020-11-03 10:16:28,0
2020-11-03 10:16:58,0
2020-11-03 10:17:28,0
2020-11-03 10:17:58,0
2020-11-03 10:18:28,0
2020-11-03 10:18:58,0
2020-11-03 10:19:28,0
2020-11-03 10:19:58,0
2020-11-03 10:20:28,0
2020-11-03 10:20:58,0
2020-11-03 10:21:28,0
2020-11-03 10:21:58,0
2020-11-03 10:22:28,0
2020-11-03 10:22:58,0
2020-11-03 10:23:28,0
2020-11-03 10:23:58,0
2020-11-03 10:24:28,0
2020-11-03 10:24:58,0
2020-11-03 10:25:28,0
2020-11-03 10:25:58,0
2020-11-03 10:26:28,0
2020-11-03 10:26:58,0
2020-11-03 10:27:28,0
2020-11-03 10:27:58,0
2020-11-03 10:28:28,0
2020-11-03 10:28:58,0
2020-11-03 10:29:28,0
2020-11-03 10:29:58,0
2020-11-03 10:30:28,0
2020-11-03 10:30:58,0
2020-11-03 10:31:28,0
2020-11-03 10:31:58,0
2020-11-03 10:32:28,0
2020-11-03 10:32:58,0
2020-11-03 10:33:28,0
2020-11-03 10:33:58,0
2020-11-03 10:34:28,0
2020-11-03 10:34:58,0
2020-11-03 10:35:28,0
2020-11-03 10:35:58,0
2020-11-03 10:36:28,0
2020-11-03 10:36:58,0
2020-11-03 10:37:28,0
2020-11-03 10:37:58,0
2020-11-03 10:38:28,0
2020-11-03 10:38:58,0
2020-11-03 10:39:28,0
2020-11-03 10:39:58,0
2020-11-03 10:40:28,0
2020-11-03 10:40:58,0
2020-11-03 10:41:28,0
2020-11-03 10:41:58,0
2020-11-03 10:42:28,0
2020-11-03 10:42:58,0
2020-11-03 10:43:28,0
2020-11-03 10:43:58,0
2020-11-03 10:44:28,0
2020-11-03 10:44:58,0
2020-11-03 10:45:28,0
2020-11-03 10:45:58,0
2020-11-03 10:46:28,0
2020-11-03 10:46:58,0
2020-11-03 10:47:28,0
2020-11-03 10:47:58,0
2020-11-03 10:48:28,0
2020-11-03 10:48:58,0
2020-11-03 10:49:28,0
2020-11-03 10:49:58,0
2020-11-03 10:50:28,0
2020-11-03 10:50:58,0
2020-11-03 10:51:28,0
2020-11-03 10:51:58,0
2020-11-03 10:52:28,0
2020-11-03 10:52:58,0
2020-11-03 10:53:28,0
2020-11-03 10:53:58,0
2020-11-03 10:54:28,0
2020-11-03 10:54:58,0
2020-11-03 10:55:28,0
2020-11-03 10:55:58,0
2020-11-03 10:56:28,0
2020-11-03 10:56:58,0
2020-11-03 10:57:28,0
2020-11-03 10:57:58,0
2020-11-03 10:58:28,0
2020-11-03 10:58:58,0
2020-11-03 10:59:28,0
2020-11-03 10:59:58,0
2020-11-03 11:00:28,0
2020-11-03 11:00:58,0
2020-11-03 11:01:28,0
2020-11-03 11:01:58,0
2020-11-03 11:02:28,0
2020-11-03 11:02:58,0
2020-11-03 11:03:28,0
2020-11-03 11:03:58,0
2020-11-03 11:04:28,0
2020-11-03 11:04:58,0
2020-11-03 11:05:28,0
2020-11-03 11:05:58,0
2020-11-03 11:06:28,0
2020-11-03 11:06:58,0
2020-11-03 11:07:28,0
2020-11-03 11:07:58,0
2020-11-03 11:08:28,0
2020-11-03 11:08:58,0
2020-11-03 11:09:28,0
2020-11-03 11:09:58,0
2020-11-03 11:10:28,0
2020-11-03 11:10:58,0
2020-11-03 11:11:28,0
2020-11-03 11:11:58,0
2020-11-03 11:12:28,0
2020-11-03 11:12:58,0
2020-11-03 11:13:28,0
2020-11-03 11:13:58,0
2020-11-03 11:14:28,0
2020-11-03 11:14:58,0
2020-11-03 11:15:28,0
2020-11-03 11:15:58,0
2020-11-03 11:16:28,0
2020-11-03 11:16:58,0
2020-11-03 11:17:28,0
2020-11-03 11:17:58,0
2020-11-03 11:18:28,0
2020-11-03 11:18:58,0
2020-11-03 11:19:28,0
2020-11-03 11:19:58,0
2020-11-03 11:20:28,0
2020-11-03 11:20:58,0
2020-11-03 11:21:28,0
2020-11-03 11:21:58,0
2020-11-03 11:22:28,0
2020-11-03 11:22:58,0
2020-11-03 11:23:28,0
2020-11-03 11:23:58,0
2020-11-03 11:24:28,0
2020-11-03 11:24:58,0
2020-11-03 11:25:28,0
2020-11-03 11:25:58,0
2020-11-03 11:26:28,0
2020-11-03 11:26:58,0
2020-11-03 11:27:28,0
2020-11-03 11:27:58,0
2020-11-03 11:28:28,0
2020-11-03 11:28:58,0
2020-11-03 11:29:28,0
2020-11-03 11:29:58,0
2020-11-03 11:30:28,0
2020-11-03 11:30:58,0
2020-11-03 11:31:28,0
2020-11-03 11:31:58,0
2020-11-03 11:32:28,0
2020-11-03 11:32:58,0
2020-11-03 11:33:28,0
2020-11-03 11:33:58,0
2020-11-03 11:34:28,0
2020-11-03 11:34:58,0
2020-11-03 11:35:28,0
2020-11-03 11:35:58,0
2020-11-03 11:36:28,0
2020-11-03 11:36:58,0
2020-11-03 11:37:28,0
2020-11-03 11:37:58,0
2020-11-03 11:38:28,0
2020-11-03 11:38:58,0
2020-11-03 11:39:28,0
2020-11-03 11:39:58,0
2020-11-03 11:40:28,0
2020-11-03 11:40:58,0
2020-11-03 11:41:28,0
2020-11-03 11:41:58,0
2020-11-03 11:42:28,0
2020-11-03 11:42:58,0
2020-11-03 11:43:28,0
2020-11-03 11:43:58,0
2020-11-03 11:44:28,0
2020-11-03 11:44:58,0
2020-11-03 11:45:28,0
2020-11-03 11:45:58,0
2020-11-03 11:46:28,0
2020-11-03 11:46:58,0
2020-11-03 11:47:28,0
2020-11-03 11:47:58,0
2020-11-03 11:48:28,0
2020-11-03 11:48:58,0
2020-11-03 11:49:28,0
2020-11-03 11:49:58,0
2020-11-03 11:50:28,0
2020-11-03 11:50:58,0
2020-11-03 11:51:28,0
2020-11-03 11:51:58,0
2020-11-03 11:52:28,0
2020-11-03 11:52:58,0
2020-11-03 11:53:28,0
2020-11-03 11:53:58,0
2020-11-03 11:54:28,0
2020-11-03 11:54:58,0
2020-11-03 11:55:28,0
2020-11-03 11:55:58,0
2020-11-03 11:56:28,0
2020-11-03 11:56:58,0
2020-11-03 11:57:28,0
2020-11-03 11:57:58,0
2020-11-03 11:58:28,0
2020-11-03 11:58:58,0
2020-11-03 11:59:28,0
2020-11-03 11:59:58,0
2020-11-03 12:00:28,0
2020-11-03 12:00:58,0
2020-11-03 12:01:28,0
2020-11-03 12:01:58,0
2020-11-03 12:02:28,0
2020-11-03 12:02:58,0
2020-11-03 12:03:28,0
2020-11-03 12:03:58,0
2020-11-03 12:04:28,0
2020-11-03 12:04:58,0
2020-11-03 12:05:28,0
2020-11-03 12:05:58,0
2020-11-03 12:06:28,0
2020-11-03 12:06:58,0
2020-11-03 12:07:28,0
2020-11-03 12:07:58,0
2020-11-03 12:08:28,0
2020-11-03 12:08:58,0
2020-11-03 12:09:28,0
2020-11-03 12:09:58,0
2020-11-03 12:10:28,0
2020-11-03 12:10:58,0
2020-11-03 12:11:28,0
2020-11-03 12:11:58,0
2020-11-03 12:12:28,0
2020-11-03 12:12:58,0
2020-11-03 12:13:28,0
2020-11-03 12:13:58,0
2020-11-03 12:14:28,0
2020-11-03 12:14:58,0
2020-11-03 12:15:28,0
2020-11-03 12:15:58,0
2020-11-03 12:16:28,0
2020-11-03 12:16:58,0
2020-11-03 12:17:28,0
2020-11-03 12:17:58,0
2020-11-03 12:18:28,0
2020-11-03 12:18:58,0
2020-11-03 12:19:28,0
2020-11-03 12:19:58,0
2020-11-03 12:20:28,0
2020-11-03 12:20:58,0
2020-11-03 12:21:28,0
2020-11-03 12:21:58,0
2020-11-03 12:22:28,0
2020-11-03 12:22:58,0
2020-11-03 12:23:28,0
2020-11-03 12:23:58,0
2020-11-03 12:24:28,0
2020-11-03 12:24:58,0
2020-11-03 12:25:28,0
2020-11-03 12:25:58,0
2020-11-03 12:26:28,0
2020-11-03 12:26:58,0
2020-11-03 12:27:28,0
2020-11-03 12:27:58,0
2020-11-03 12:28:28,0
2020-11-03 12:28:58,0
2020-11-03 12:29:28,0
2020-11-03 12:29:58,0
2020-11-03 12:30:28,0
2020-11-03 12:30:58,0
2020-11-03 12:31:28,0
2020-11-03 12:31:58,0
2020-11-03 12:32:28,0
2020-11-03 12:32:58,0
2020-11-03 12:33:28,0
2020-11-03 12:33:58,0
2020-11-03 12:34:28,0
2020-11-03 12:34:58,0
2020-11-03 12:35:28,0
2020-11-03 12:35:58,0
2020-11-03 12:36:28,0
2020-11-03 12:36:58,0
2020-11-03 12:37:28,0
2020-11-03 12:37:58,0
2020-11-03 12:38:28,0
2020-11-03 12:38:58,0
2020-11-03 12:39:28,0
2020-11-03 12:39:58,0
2020-11-03 12:40:28,0
2020-11-03 12:40:58,0
2020-11-03 12:41:28,0
2020-11-03 12:41:58,0
2020-11-03 12:42:28,0
2020-11-03 12:42:58,0
2020-11-03 12:43:28,0
2020-11-03 12:43:58,0
2020-11-03 12:44:28,0
2020-11-03 12:44:58,0
2020-11-03 12:45:28,0
2020-11-03 12:45:58,0
2020-11-03 12:46:28,0
2020-11-03 12:46:58,0
2020-11-03 12:47:28,0
2020-11-03 12:47:58,0
2020-11-03 12:48:28,0
2020-11-03 12:48:58,0
2020-11-03 12:49:28,0
2020-11-03 12:49:58,0
2020-11-03 12:50:28,0
2020-11-03 12:50:58,0
2020-11-03 12:51:28,0
2020-11-03 12:51:58,0
2020-11-03 12:52:28,0
2020-11-03 12:52:58,0
2020-11-03 12:53:28,0
2020-11-03 12:53:58,0
2020-11-03 12:54:28,0
2020-11-03 12:54:58,0
2020-11-03 12:55:28,0
2020-11-03 12:55:58,0
2020-11-03 12:56:28,0
2020-11-03 12:56:58,0
2020-11-03 12:57:28,0
2020-11-03 12:57:58,0
2020-11-03 12:58:28,0
2020-11-03 12:58:58,0
2020-11-03 12:59:28,0
2020-11-03 12:59:58,0
2020-11-03 13:00:28,0
2020-11-03 13:00:58,0
2020-11-03 13:01:28,0
2020-11-03 13:01:58,0
2020-11-03 13:02:28,0
2020-11-03 13:02:58,0
2020-11-03 13:03:28,0
2020-11-03 13:03:58,0
2020-11-03 13:04:28,0
2020-11-03 13:04:58,0
2020-11-03 13:05:28,0
2020-11-03 13:05:58,0
2020-11-03 13:06:28,0
2020-11-03 13:06:58,0
2020-11-03 13:07:28,0
2020-11-03 13:07:58,0
2020-11-03 13:08:28,0
2020-11-03 13:08:58,0
2020-11-03 13:09:28,0
2020-11-03 13:09:58,0
2020-11-03 13:10:28,0
2020-11-03 13:10:58,0
2020-11-03 13:11:28,0
2020-11-03 13:11:58,0
2020-11-03 13:12:28,0
2020-11-03 13:12:58,0
2020-11-03 13:13:28,0
2020-11-03 13:13:58,0
2020-11-03 13:14:28,0
2020-11-03 13:14:58,0
2020-11-03 13:15:28,0
2020-11-03 13:15:58,0
2020-11-03 13:16:28,0
2020-11-03 13:16:58,0
2020-11-03 13:17:28,0
2020-11-03 13:17:58,0
2020-11-03 13:18:28,0
2020-11-03 13:18:58,0
2020-11-03 13:19:28,0
2020-11-03 13:19:58,0
2020-11-03 13:20:28,0
2020-11-03 13:20:58,0
2020-11-03 13:21:28,0
2020-11-03 13:21:58,0
2020-11-03 13:22:28,0
2020-11-03 13:22:58,0
2020-11-03 13:23:28,0
2020-11-03 13:23:58,0
2020-11-03 13:24:28,0
2020-11-03 13:24:58,0
2020-11-03 13:25:28,0
2020-11-03 13:25:58,0
2020-11-03 13:26:28,0
2020-11-03 13:26:58,0
2020-11-03 13:27:28,0
2020-11-03 13:27:58,0
2020-11-03 13:28:28,0
2020-11-03 13:28:58,0
2020-11-03 13:29:28,0
2020-11-03 13:29:58,0
2020-11-03 13:30:28,0
2020-11-03 13:30:58,0
2020-11-03 13:31:28,0
2020-11-03 13:31:58,0
2020-11-03 13:32:28,0
2020-11-03 13:32:58,0
2020-11-03 13:33:28,0
2020-11-03 13:33:58,0
2020-11-03 13:34:28,0
2020-11-03 13:34:58,0
2020-11-03 13:35:28,0
2020-11-03 13:35:58,0
2020-11-03 13:36:28,0
2020-11-03 13:36:58,0
2020-11-03 13:37:28,0
2020-11-03 13:37:58,0
2020-11-03 13:38:28,0
2020-11-03 13:38:58,0
2020-11-03 13:39:28,0
2020-11-03 13:39:58,0
2020-11-03 13:40:28,0
2020-11-03 13:40:58,0
2020-11-03 13:41:28,0
2020-11-03 13:41:58,0
2020-11-03 13:42:28,0
2020-11-03 13:42:58,0
2020-11-03 13:43:28,0
2020-11-03 13:43:58,0
2020-11-03 13:44:28,0
2020-11-03 13:44:58,0
2020-11-03 13:45:28,0
2020-11-03 13:45:58,0
2020-11-03 13:46:28,0
2020-11-03 13:46:58,0
2020-11-03 13:47:28,0
2020-11-03 13:47:58,0
2020-11-03 13:48:28,0
2020-11-03 13:48:58,0
2020-11-03 13:49:28,0
2020-11-03 13:49:58,0
2020-11-03 13:50:28,0
2020-11-03 13:50:58,0
2020-11-03 13:51:28,0
2020-11-03 13:51:58,0
2020-11-03 13:52:28,0
2020-11-03 13:52:58,0
2020-11-03 13:53:28,0
2020-11-03 13:53:58,0
2020-11-03 13:54:28,0
2020-11-03 13:54:58,0
2020-11-03 13:55:28,0
2020-11-03 13:55:58,0
2020-11-03 13:56:28,0
2020-11-03 13:56:58,0
2020-11-03 13:57:28,0
2020-11-03 13:57:58,0
2020-11-03 13:58:28,0
2020-11-03 13:58:58,0
2020-11-03 13:59:28,0
2020-11-03 13:59:58,0
2020-11-03 14:00:28,0
2020-11-03 14:00:58,0
2020-11-03 14:01:28,0
2020-11-03 14:01:58,0
2020-11-03 14:02:28,0
2020-11-03 14:02:58,0
2020-11-03 14:03:28,0
2020-11-03 14:03:58,0
2020-11-03 14:04:28,0
2020-11-03 14:04:58,0
2020-11-03 14:05:28,0
2020-11-03 14:05:58,0
2020-11-03 14:06:28,0
2020-11-03 14:06:58,0
2020-11-03 14:07:28,0
2020-11-03 14:07:58,0
2020-11-03 14:08:28,0
2020-11-03 14:08:58,0
2020-11-03 14:09:28,0
2020-11-03 14:09:58,0
2020-11-03 14:10:28,0
2020-11-03 14:10:58,0
2020-11-03 14:11:28,0
2020-11-03 14:11:58,0
2020-11-03 14:12:28,0
2020-11-03 14:12:58,0
2020-11-03 14:13:28,0
2020-11-03 14:13:58,0
2020-11-03 14:14:28,0
2020-11-03 14:14:58,0
2020-11-03 14:15:28,0
2020-11-03 14:15:58,0
2020-11-03 14:16:28,0
2020-11-03 14:16:58,0
2020-11-03 14:17:28,0
2020-11-03 14:17:58,0
2020-11-03 14:18:28,0
2020-11-03 14:18:58,0
2020-11-03 14:19:28,0
2020-11-03 14:19:58,0
2020-11-03 14:20:28,0
2020-11-03 14:20:58,0
2020-11-03 14:21:28,0
2020-11-03 14:21:58,0
2020-11-03 14:22:28,0
2020-11-03 14:22:58,0
2020-11-03 14:23:28,0
2020-11-03 14:23:58,0
2020-11-03 14:24:28,0
2020-11-03 14:24:58,0
2020-11-03 14:25:28,0
2020-11-03 14:25:58,0
2020-11-03 14:26:28,0
2020-11-03 14:26:58,0
2020-11-03 14:27:28,0
2020-11-03 14:27:58,0
2020-11-03 14:28:28,0
2020-11-03 14:28:58,0
2020-11-03 14:29:28,0
2020-11-03 14:29:58,0
2020-11-03 14:30:28,0
2020-11-03 14:30:58,0
2020-11-03 14:31:28,0
2020-11-03 14:31:58,0
2020-11-03 14:32:28,0
2020-11-03 14:32:58,0
2020-11-03 14:33:28,0
2020-11-03 14:33:58,0
2020-11-03 14:34:28,0
2020-11-03 14:34:58,0
2020-11-03 14:35:28,0
2020-11-03 14:35:58,0
2020-11-03 14:36:28,0
2020-11-03 14:36:58,0
2020-11-03 14:37:28,0
2020-11-03 14:37:58,0
2020-11-03 14:38:28,0
2020-11-03 14:38:58,0
2020-11-03 14:39:28,0
2020-11-03 14:39:58,0
2020-11-03 14:40:28,0
2020-11-03 14:40:58,0
2020-11-03 14:41:28,0
2020-11-03 14:41:58,0
2020-11-03 14:42:28,0
2020-11-03 14:42:58,0
2020-11-03 14:43:28,0
2020-11-03 14:43:58,0
2020-11-03 14:44:28,0
2020-11-03 14:44:58,0
2020-11-03 14:45:28,0
2020-11-03 14:45:58,0
2020-11-03 14:46:28,0
2020-11-03 14:46:58,0
2020-11-03 14:47:28,0
2020-11-03 14:47:58,0
2020-11-03 14:48:28,0
2020-11-03 14:48:58,0
2020-11-03 14:49:28,0
2020-11-03 14:49:58,0
2020-11-03 14:50:28,0
2020-11-03 14:50:58,0
2020-11-03 14:51:28,0
2020-11-03 14:51:58,0
2020-11-03 14:52:28,0
2020-11-03 14:52:58,0
2020-11-03 14:53:28,0
2020-11-03 14:53:58,0
2020-11-03 14:54:28,0
2020-11-03 14:54:58,0
2020-11-03 14:55:28,0
2020-11-03 14:55:58,0
2020-11-03 14:56:28,0
2020-11-03 14:56:58,0
2020-11-03 14:57:28,0
2020-11-03 14:57:58,0
2020-11-03 14:58:28,0
2020-11-03 14:58:58,0
2020-11-03 14:59:28,0
2020-11-03 14:59:58,0
2020-11-03 15:00:28,0
2020-11-03 15:00:58,0
2020-11-03 15:01:28,0
2020-11-03 15:01:58,0
2020-11-03 15:02:28,0
2020-11-03 15:02:58,0
2020-11-03 15:03:28,0
2020-11-03 15:03:58,0
2020-11-03 15:04:28,0
2020-11-03 15:04:58,0
2020-11-03 15:05:28,0
2020-11-03 15:05:58,0
2020-11-03 15:06:28,0
2020-11-03 15:06:58,0
2020-11-03 15:07:28,0
2020-11-03 15:07:58,0
2020-11-03 15:08:28,0
2020-11-03 15:08:58,0
2020-11-03 15:09:28,0
2020-11-03 15:09:58,0
2020-11-03 15:10:28,0
2020-11-03 15:10:58,0
2020-11-03 15:11:28,0
2020-11-03 15:11:58,0
2020-11-03 15:12:28,0
2020-11-03 15:12:58,0
2020-11-03 15:13:28,0
2020-11-03 15:13:58,0
2020-11-03 15:14:28,0
2020-11-03 15:14:58,0
2020-11-03 15:15:28,0
2020-11-03 15:15:58,0
2020-11-03 15:16:28,0
2020-11-03 15:16:58,0
2020-11-03 15:17:28,0
2020-11-03 15:17:58,0
2020-11-03 15:18:28,0
2020-11-03 15:18:58,0
2020-11-03 15:19:28,0
2020-11-03 15:19:58,0
2020-11-03 15:20:28,0
2020-11-03 15:20:58,0
2020-11-03 15:21:28,0
2020-11-03 15:21:58,0
2020-11-03 15:22:28,0
2020-11-03 15:22:58,0
2020-11-03 15:23:28,0
2020-11-03 15:23:58,0
2020-11-03 15:24:28,0
2020-11-03 15:24:58,0
2020-11-03 15:25:28,0
2020-11-03 15:25:58,0
2020-11-03 15:26:28,0
2020-11-03 15:26:58,0
2020-11-03 15:27:28,0
2020-11-03 15:27:58,0
2020-11-03 15:28:28,0
2020-11-03 15:28:58,0
2020-11-03 15:29:28,0
2020-11-03 15:29:58,0
2020-11-03 15:30:28,0
2020-11-03 15:30:58,0
2020-11-03 15:31:28,0
2020-11-03 15:31:58,0
2020-11-03 15:32:28,0
2020-11-03 15:32:58,0
2020-11-03 15:33:28,0
2020-11-03 15:33:58,0
2020-11-03 15:34:28,0
2020-11-03 15:34:58,0
2020-11-03 15:35:28,0
2020-11-03 15:35:58,0
2020-11-03 15:36:28,0
2020-11-03 15:36:58,0
2020-11-03 15:37:28,0
2020-11-03 15:37:58,0
2020-11-03 15:38:28,0
2020-11-03 15:38:58,0
2020-11-03 15:39:28,0
2020-11-03 15:39:58,0
2020-11-03 15:40:28,0
2020-11-03 15:40:58,0
2020-11-03 15:41:28,0
2020-11-03 15:41:58,0
2020-11-03 15:42:28,0
2020-11-03 15:42:58,0
2020-11-03 15:43:28,0
2020-11-03 15:43:58,0
2020-11-03 15:44:28,0
2020-11-03 15:44:58,0
2020-11-03 15:45:28,0
2020-11-03 15:45:58,0
2020-11-03 15:46:28,0
2020-11-03 15:46:58,0
2020-11-03 15:47:28,0
2020-11-03 15:47:58,0
2020-11-03 15:48:28,0
2020-11-03 15:48:58,0
2020-11-03 15:49:28,0
2020-11-03 15:49:58,0
2020-11-03 15:50:28,0
2020-11-03 15:50:58,0
2020-11-03 15:51:28,0
2020-11-03 15:51:58,0
2020-11-03 15:52:28,0
2020-11-03 15:52:58,0
2020-11-03 15:53:28,0
2020-11-03 15:53:58,0
2020-11-03 15:54:28,0
2020-11-03 15:54:58,0
2020-11-03 15:55:28,0
2020-11-03 15:55:58,0
2020-11-03 15:56:28,0
2020-11-03 15:56:58,0
2020-11-03 15:57:28,0
2020-11-03 15:57:58,0
2020-11-03 15:58:28,0
2020-11-03 15:58:58,0
2020-11-03 15:59:28,0
2020-11-03 15:59:58,0
2020-11-03 16:00:28,0
2020-11-03 16:00:58,0
2020-11-03 16:01:28,0
2020-11-03 16:01:58,0
2020-11-03 16:02:28,0
2020-11-03 16:02:58,0
2020-11-03 16:03:28,0
2020-11-03 16:03:58,0
2020-11-03 16:04:28,0
2020-11-03 16:04:58,0
2020-11-03 16:05:28,0
2020-11-03 16:05:58,0
2020-11-03 16:06:28,0
2020-11-03 16:06:58,0
2020-11-03 16:07:28,0
2020-11-03 16:07:58,0
2020-11-03 16:08:28,0
2020-11-03 16:08:58,0
2020-11-03 16:09:28,0
2020-11-03 16:09:58,0
2020-11-03 16:10:28,0
2020-11-03 16:10:58,0
2020-11-03 16:11:28,0
2020-11-03 16:11:58,0
2020-11-03 16:12:28,0
2020-11-03 16:12:58,0
2020-11-03 16:13:28,0
2020-11-03 16:13:58,0
2020-11-03 16:14:28,0
2020-11-03 16:14:58,0
2020-11-03 16:15:28,0
2020-11-03 16:15:58,0
2020-11-03 16:16:28,0
2020-11-03 16:16:58,0
2020-11-03 16:17:28,0
2020-11-03 16:17:58,0
2020-11-03 16:18:28,0
2020-11-03 16:18:58,0
2020-11-03 16:19:28,0
2020-11-03 16:19:58,0
2020-11-03 16:20:28,0
2020-11-03 16:20:58,0
2020-11-03 16:21:28,0
2020-11-03 16:21:58,0
2020-11-03 16:22:28,0
2020-11-03 16:22:58,0
2020-11-03 16:23:28,0
2020-11-03 16:23:58,0
2020-11-03 16:24:28,0
2020-11-03 16:24:58,0
2020-11-03 16:25:28,0
2020-11-03 16:25:58,0
2020-11-03 16:26:28,0
2020-11-03 16:26:58,0
2020-11-03 16:27:28,0
2020-11-03 16:27:58,0
2020-11-03 16:28:28,0
2020-11-03 16:28:58,0
2020-11-03 16:29:28,0
2020-11-03 16:29:58,0
2020-11-03 16:30:28,0
2020-11-03 16:30:58,0
2020-11-03 16:31:28,0
2020-11-03 16:31:58,0
2020-11-03 16:32:28,0
2020-11-03 16:32:58,0
2020-11-03 16:33:28,0
2020-11-03 16:33:58,0
2020-11-03 16:34:28,0
2020-11-03 16:34:58,0
2020-11-03 16:35:28,0
2020-11-03 16:35:58,0
2020-11-03 16:36:28,0
2020-11-03 16:36:58,0
2020-11-03 16:37:28,0
2020-11-03 16:37:58,0
2020-11-03 16:38:28,0
2020-11-03 16:38:58,0
2020-11-03 16:39:28,0
2020-11-03 16:39:58,0
2020-11-03 16:40:28,0
2020-11-03 16:40:58,0
2020-11-03 16:41:28,0
2020-11-03 16:41:58,0
2020-11-03 16:42:28,0
2020-11-03 16:42:58,0
2020-11-03 16:43:28,0
2020-11-03 16:43:58,0
2020-11-03 16:44:28,0
2020-11-03 16:44:58,0
2020-11-03 16:45:28,0
2020-11-03 16:45:58,0
2020-11-03 16:46:28,0
2020-11-03 16:46:58,0
2020-11-03 16:47:28,0
2020-11-03 16:47:58,0
2020-11-03 16:48:28,0
2020-11-03 16:48:58,0
2020-11-03 16:49:28,0
2020-11-03 16:49:58,0
2020-11-03 16:50:28,0
2020-11-03 16:50:58,0
2020-11-03 16:51:28,0
2020-11-03 16:51:58,0
2020-11-03 16:52:28,0
2020-11-03 16:52:58,0
2020-11-03 16:53:28,0
2020-11-03 16:53:58,0
2020-11-03 16:54:28,0
2020-11-03 16:54:58,0
2020-11-03 16:55:28,0
2020-11-03 16:55:58,0
2020-11-03 16:56:28,0
2020-11-03 16:56:58,0
2020-11-03 16:57:28,0
2020-11-03 16:57:58,0
2020-11-03 16:58:28,0
2020-11-03 16:58:58,0
2020-11-03 16:59:28,0
2020-11-03 16:59:58,0
2020-11-03 17:00:28,0
2020-11-03 17:00:58,0
2020-11-03 17:01:28,0
2020-11-03 17:01:58,0
2020-11-03 17:02:28,0
2020-11-03 17:02:58,0
2020-11-03 17:03:28,0
2020-11-03 17:03:58,0
2020-11-03 17:04:28,0
2020-11-03 17:04:58,0
2020-11-03 17:05:28,0
2020-11-03 17:05:58,0
2020-11-03 17:06:28,0
2020-11-03 17:06:58,0
2020-11-03 17:07:28,0
2020-11-03 17:07:58,0
2020-11-03 17:08:28,0
2020-11-03 17:08:58,0
2020-11-03 17:09:28,0
2020-11-03 17:09:58,0
2020-11-03 17:10:28,0
2020-11-03 17:10:58,0
2020-11-03 17:11:28,0
2020-11-03 17:11:58,0
2020-11-03 17:12:28,0
2020-11-03 17:12:58,0
2020-11-03 17:13:28,0
2020-11-03 17:13:58,0
2020-11-03 17:14:28,0
2020-11-03 17:14:58,0
2020-11-03 17:15:28,0
2020-11-03 17:15:58,0
2020-11-03 17:16:28,0
2020-11-03 17:16:58,0
2020-11-03 17:17:28,0
2020-11-03 17:17:58,0
2020-11-03 17:18:28,0
2020-11-03 17:18:58,0
2020-11-03 17:19:28,0
2020-11-03 17:19:58,0
2020-11-03 17:20:28,0
2020-11-03 17:20:58,0
2020-11-03 17:21:28,0
2020-11-03 17:21:58,0
2020-11-03 17:22:28,0
2020-11-03 17:22:58,0
2020-11-03 17:23:28,0
2020-11-03 17:23:58,0
2020-11-03 17:24:28,0
2020-11-03 17:24:58,0
2020-11-03 17:25:28,0
2020-11-03 17:25:58,0
2020-11-03 17:26:28,0
2020-11-03 17:26:58,0
2020-11-03 17:27:28,0
2020-11-03 17:27:58,0
2020-11-03 17:28:28,0
2020-11-03 17:28:58,0
2020-11-03 17:29:28,0
2020-11-03 17:29:58,0
2020-11-03 17:30:28,0
2020-11-03 17:30:58,0
2020-11-03 17:31:28,0
2020-11-03 17:31:58,0
2020-11-03 17:32:28,0
2020-11-03 17:32:58,0
2020-11-03 17:33:28,0
2020-11-03 17:33:58,0
2020-11-03 17:34:28,0
2020-11-03 17:34:58,0
2020-11-03 17:35:28,0
2020-11-03 17:35:58,0
2020-11-03 17:36:28,0
2020-11-03 17:36:58,0
2020-11-03 17:37:28,0
2020-11-03 17:37:58,0
2020-11-03 17:38:28,0
2020-11-03 17:38:58,0
2020-11-03 17:39:28,0
2020-11-03 17:39:58,0
2020-11-03 17:40:28,0
2020-11-03 17:40:58,0
2020-11-03 17:41:28,0
2020-11-03 17:41:58,0
2020-11-03 17:42:28,0
2020-11-03 17:42:58,0
2020-11-03 17:43:28,0
2020-11-03 17:43:58,0
2020-11-03 17:44:28,0
2020-11-03 17:44:58,0
2020-11-03 17:45:28,0
2020-11-03 17:45:58,0
2020-11-03 17:46:28,0
2020-11-03 17:46:58,0
2020-11-03 17:47:28,0
2020-11-03 17:47:58,0
2020-11-03 17:48:28,0
2020-11-03 17:48:58,0
2020-11-03 17:49:28,0
2020-11-03 17:49:58,0
2020-11-03 17:50:28,0
2020-11-03 17:50:58,0
2020-11-03 17:51:28,0
2020-11-03 17:51:58,0
2020-11-03 17:52:28,0
2020-11-03 17:52:58,0
2020-11-03 17:53:28,0
2020-11-03 17:53:58,0
2020-11-03 17:54:28,0
2020-11-03 17:54:58,0
2020-11-03 17:55:28,0
2020-11-03 17:55:58,0
2020-11-03 17:56:28,0
2020-11-03 17:56:58,0
2020-11-03 17:57:28,0
2020-11-03 17:57:58,0
2020-11-03 17:58:28,0
2020-11-03 17:58:58,0
2020-11-03 17:59:28,0
2020-11-03 17:59:58,0
2020-11-03 18:00:28,0
2020-11-03 18:00:58,0
2020-11-03 18:01:28,0
2020-11-03 18:01:58,0
2020-11-03 18:02:28,0
2020-11-03 18:02:58,0
2020-11-03 18:03:28,0
2020-11-03 18:03:58,0
2020-11-03 18:04:28,0
2020-11-03 18:04:58,0
2020-11-03 18:05:28,0
2020-11-03 18:05:58,0
2020-11-03 18:06:28,0
2020-11-03 18:06:58,0
2020-11-03 18:07:28,0
2020-11-03 18:07:58,0
2020-11-03 18:08:28,0
2020-11-03 18:08:58,0
2020-11-03 18:09:28,0
2020-11-03 18:09:58,0
2020-11-03 18:10:28,0
2020-11-03 18:10:58,0
2020-11-03 18:11:28,0
2020-11-03 18:11:58,0
2020-11-03 18:12:28,0
2020-11-03 18:12:58,0
2020-11-03 18:13:28,0
2020-11-03 18:13:58,0
2020-11-03 18:14:28,0
2020-11-03 18:14:58,0
2020-11-03 18:15:28,0
2020-11-03 18:15:58,0
2020-11-03 18:16:28,0
2020-11-03 18:16:58,0
2020-11-03 18:17:28,0
2020-11-03 18:17:58,0
2020-11-03 18:18:28,0
2020-11-03 18:18:58,0
2020-11-03 18:19:28,0
2020-11-03 18:19:58,0
2020-11-03 18:20:28,0
2020-11-03 18:20:58,0
2020-11-03 18:21:28,0
2020-11-03 18:21:58,0
2020-11-03 18:22:28,0
2020-11-03 18:22:58,0
2020-11-03 18:23:28,0
2020-11-03 18:23:58,0
2020-11-03 18:24:28,0
2020-11-03 18:24:58,0
2020-11-03 18:25:28,0
2020-11-03 18:25:58,0
2020-11-03 18:26:28,0
2020-11-03 18:26:58,0
2020-11-03 18:27:28,0
2020-11-03 18:27:58,0
2020-11-03 18:28:28,0
2020-11-03 18:28:58,0
2020-11-03 18:29:28,0
2020-11-03 18:29:58,0
2020-11-03 18:30:28,0
2020-11-03 18:30:58,0
2020-11-03 18:31:28,0
2020-11-03 18:31:58,0
2020-11-03 18:32:28,0
2020-11-03 18:32:58,0
2020-11-03 18:33:28,0
2020-11-03 18:33:58,0
2020-11-03 18:34:28,0
2020-11-03 18:34:58,0
2020-11-03 18:35:28,0
2020-11-03 18:35:58,0
2020-11-03 18:36:28,0
2020-11-03 18:36:58,0
2020-11-03 18:37:28,0
2020-11-03 18:37:58,0
2020-11-03 18:38:28,0
2020-11-03 18:38:58,0
2020-11-03 18:39:28,0
2020-11-03 18:39:58,0
2020-11-03 18:40:28,0
2020-11-03 18:40:58,0
2020-11-03 18:41:28,0
2020-11-03 18:41:58,0
2020-11-03 18:42:28,0
2020-11-03 18:42:58,0
2020-11-03 18:43:28,0
2020-11-03 18:43:58,0
2020-11-03 18:44:28,0
2020-11-03 18:44:58,0
2020-11-03 18:45:28,0
2020-11-03 18:45:58,0
2020-11-03 18:46:28,0
2020-11-03 18:46:58,0
2020-11-03 18:47:28,0
2020-11-03 18:47:58,0
2020-11-03 18:48:28,0
2020-11-03 18:48:58,0
2020-11-03 18:49:28,0
2020-11-03 18:49:58,0
2020-11-03 18:50:28,0
2020-11-03 18:50:58,0
2020-11-03 18:51:28,0
2020-11-03 18:51:58,0
2020-11-03 18:52:28,0
2020-11-03 18:52:58,0
2020-11-03 18:53:28,0
2020-11-03 18:53:58,0
2020-11-03 18:54:28,0
2020-11-03 18:54:58,0
2020-11-03 18:55:28,0
2020-11-03 18:55:58,0
2020-11-03 18:56:28,0
2020-11-03 18:56:58,0
2020-11-03 18:57:28,0
2020-11-03 18:57:58,0
2020-11-03 18:58:28,0
2020-11-03 18:58:58,0
2020-11-03 18:59:28,0
2020-11-03 18:59:58,0
2020-11-03 19:00:28,0
2020-11-03 19:00:58,0
2020-11-03 19:01:28,0
2020-11-03 19:01:58,0
2020-11-03 19:02:28,0
2020-11-03 19:02:58,0
2020-11-03 19:03:28,0
2020-11-03 19:03:58,0
2020-11-03 19:04:28,0
2020-11-03 19:04:58,0
2020-11-03 19:05:28,0
2020-11-03 19:05:58,0
2020-11-03 19:06:28,0
2020-11-03 19:06:58,0
2020-11-03 19:07:28,0
2020-11-03 19:07:58,0
2020-11-03 19:08:28,0
2020-11-03 19:08:58,0
2020-11-03 19:09:28,0
2020-11-03 19:09:58,0
2020-11-03 19:10:28,0
2020-11-03 19:10:58,0
2020-11-03 19:11:28,0
2020-11-03 19:11:58,0
2020-11-03 19:12:28,0
2020-11-03 19:12:58,0
2020-11-03 19:13:28,0
2020-11-03 19:13:58,0
2020-11-03 19:14:28,0
2020-11-03 19:14:58,0
2020-11-03 19:15:28,0
2020-11-03 19:15:58,0
2020-11-03 19:16:28,0
2020-11-03 19:16:58,0
2020-11-03 19:17:28,0
2020-11-03 19:17:58,0
2020-11-03 19:18:28,0
2020-11-03 19:18:58,0
2020-11-03 19:19:28,0
2020-11-03 19:19:58,0
2020-11-03 19:20:28,0
2020-11-03 19:20:58,0
2020-11-03 19:21:28,0
2020-11-03 19:21:58,0
2020-11-03 19:22:28,0
2020-11-03 19:22:58,0
2020-11-03 19:23:28,0
2020-11-03 19:23:58,0
2020-11-03 19:24:28,0
2020-11-03 19:24:58,0
2020-11-03 19:25:28,0
2020-11-03 19:25:58,0
2020-11-03 19:26:28,0
2020-11-03 19:26:58,0
2020-11-03 19:27:28,0
2020-11-03 19:27:58,0
2020-11-03 19:28:28,0
2020-11-03 19:28:58,0
2020-11-03 19:29:28,0
2020-11-03 19:29:58,0
2020-11-03 19:30:28,0
2020-11-03 19:30:58,0
2020-11-03 19:31:28,0
2020-11-03 19:31:58,0
2020-11-03 19:32:28,0
2020-11-03 19:32:58,0
2020-11-03 19:33:28,0
2020-11-03 19:33:58,0
2020-11-03 19:34:28,0
2020-11-03 19:34:58,0
2020-11-03 19:35:28,0
2020-11-03 19:35:58,0
2020-11-03 19:36:28,0
2020-11-03 19:36:58,0
2020-11-03 19:37:28,0
2020-11-03 19:37:58,0
2020-11-03 19:38:28,0
2020-11-03 19:38:58,0
2020-11-03 19:39:28,0
2020-11-03 19:39:58,0
2020-11-03 19:40:28,0
2020-11-03 19:40:58,0
2020-11-03 19:41:28,0
2020-11-03 19:41:58,0
2020-11-03 19:42:28,0
2020-11-03 19:42:58,0
2020-11-03 19:43:28,0
2020-11-03 19:43:58,0
2020-11-03 19:44:28,0
2020-11-03 19:44:58,0
2020-11-03 19:45:28,0
2020-11-03 19:45:58,0
2020-11-03 19:46:28,0
2020-11-03 19:46:58,0
2020-11-03 19:47:28,0
2020-11-03 19:47:58,0
2020-11-03 19:48:28,0
2020-11-03 19:48:58,0
2020-11-03 19:49:28,0
2020-11-03 19:49:58,0
2020-11-03 19:50:28,0
2020-11-03 19:50:58,0
2020-11-03 19:51:28,0
2020-11-03 19:51:58,0
2020-11-03 19:52:28,0
2020-11-03 19:52:58,0
2020-11-03 19:53:28,0
2020-11-03 19:53:58,0
2020-11-03 19:54:28,0
2020-11-03 19:54:58,0
2020-11-03 19:55:28,0
2020-11-03 19:55:58,0
2020-11-03 19:56:28,0
2020-11-03 19:56:58,0
2020-11-03 19:57:28,0
2020-11-03 19:57:58,0
2020-11-03 19:58:28,0
2020-11-03 19:58:58,0
2020-11-03 19:59:28,0
2020-11-03 19:59:58,0
2020-11-03 20:00:28,0
2020-11-03 20:00:58,0
2020-11-03 20:01:28,0
2020-11-03 20:01:58,0
2020-11-03 20:02:28,0
2020-11-03 20:02:58,0
2020-11-03 20:03:28,0
2020-11-03 20:03:58,0
2020-11-03 20:04:28,0
2020-11-03 20:04:58,0
2020-11-03 20:05:28,0
2020-11-03 20:05:58,0
2020-11-03 20:06:28,0
2020-11-03 20:06:58,0
2020-11-03 20:07:28,0
2020-11-03 20:07:58,0
2020-11-03 20:08:28,0
2020-11-03 20:08:58,0
2020-11-03 20:09:28,0
2020-11-03 20:09:58,0
2020-11-03 20:10:28,0
2020-11-03 20:10:58,0
2020-11-03 20:11:28,0
2020-11-03 20:11:58,0
2020-11-03 20:12:28,0
2020-11-03 20:12:58,0
2020-11-03 20:13:28,0
2020-11-03 20:13:58,0
2020-11-03 20:14:28,0
2020-11-03 20:14:58,0
2020-11-03 20:15:28,0
2020-11-03 20:15:58,0
2020-11-03 20:16:28,0
2020-11-03 20:16:58,0
2020-11-03 20:17:28,0
2020-11-03 20:17:58,0
2020-11-03 20:18:28,0
2020-11-03 20:18:58,0
2020-11-03 20:19:28,0
2020-11-03 20:19:58,0
2020-11-03 20:20:28,0
2020-11-03 20:20:58,0
2020-11-03 20:21:28,0
2020-11-03 20:21:58,0
2020-11-03 20:22:28,0
2020-11-03 20:22:58,0
2020-11-03 20:23:28,0
2020-11-03 20:23:58,0
2020-11-03 20:24:28,0
2020-11-03 20:24:58,0
2020-11-03 20:25:28,0
2020-11-03 20:25:58,0
2020-11-03 20:26:28,0
2020-11-03 20:26:58,0
2020-11-03 20:27:28,0
2020-11-03 20:27:58,0
2020-11-03 20:28:28,0
2020-11-03 20:28:58,0
2020-11-03 20:29:28,0
2020-11-03 20:29:58,0
2020-11-03 20:30:28,0
2020-11-03 20:30:58,0
2020-11-03 20:31:28,0
2020-11-03 20:31:58,0
2020-11-03 20:32:28,0
2020-11-03 20:32:58,0
2020-11-03 20:33:28,0
2020-11-03 20:33:58,0
2020-11-03 20:34:28,0
2020-11-03 20:34:58,0
2020-11-03 20:35:28,0
2020-11-03 20:35:58,0
2020-11-03 20:36:28,0
2020-11-03 20:36:58,0
2020-11-03 20:37:28,0
2020-11-03 20:37:58,0
2020-11-03 20:38:28,0
2020-11-03 20:38:58,0
2020-11-03 20:39:28,0
2020-11-03 20:39:58,0
2020-11-03 20:40:28,0
2020-11-03 20:40:58,0
2020-11-03 20:41:28,0
2020-11-03 20:41:58,0
2020-11-03 20:42:28,0
2020-11-03 20:42:58,0
2020-11-03 20:43:28,0
2020-11-03 20:43:58,0
2020-11-03 20:44:28,0
2020-11-03 20:44:58,0
2020-11-03 20:45:28,0
2020-11-03 20:45:58,0
2020-11-03 20:46:28,0
2020-11-03 20:46:58,0
2020-11-03 20:47:28,0
2020-11-03 20:47:58,0
2020-11-03 20:48:28,0
2020-11-03 20:48:58,0
2020-11-03 20:49:28,0
2020-11-03 20:49:58,0
2020-11-03 20:50:28,0
2020-11-03 20:50:58,0
2020-11-03 20:51:28,0
2020-11-03 20:51:58,0
2020-11-03 20:52:28,0
2020-11-03 20:52:58,0
2020-11-03 20:53:28,0
2020-11-03 20:53:58,0
2020-11-03 20:54:28,0
2020-11-03 20:54:58,0
2020-11-03 20:55:28,0
2020-11-03 20:55:58,0
2020-11-03 20:56:28,0
2020-11-03 20:56:58,0
2020-11-03 20:57:28,0
2020-11-03 20:57:58,0
2020-11-03 20:58:28,0
2020-11-03 20:58:58,0
2020-11-03 20:59:28,0
2020-11-03 20:59:58,0
2020-11-03 21:00:28,0
2020-11-03 21:00:58,0
2020-11-03 21:01:28,0
2020-11-03 21:01:58,0
2020-11-03 21:02:28,0
2020-11-03 21:02:58,0
2020-11-03 21:03:28,0
2020-11-03 21:03:58,0
2020-11-03 21:04:28,0
2020-11-03 21:04:58,0
2020-11-03 21:05:28,0
2020-11-03 21:05:58,0
2020-11-03 21:06:28,0
2020-11-03 21:06:58,0
2020-11-03 21:07:28,0
2020-11-03 21:07:58,0
2020-11-03 21:08:28,0
2020-11-03 21:08:58,0
2020-11-03 21:09:28,0
2020-11-03 21:09:58,0
2020-11-03 21:10:28,0
2020-11-03 21:10:58,0
2020-11-03 21:11:28,0
2020-11-03 21:11:58,0
2020-11-03 21:12:28,0
2020-11-03 21:12:58,0
2020-11-03 21:13:28,0
2020-11-03 21:13:58,0
2020-11-03 21:14:28,0
2020-11-03 21:14:58,0
2020-11-03 21:15:28,0
2020-11-03 21:15:58,0
2020-11-03 21:16:28,0
2020-11-03 21:16:58,0
2020-11-03 21:17:28,0
2020-11-03 21:17:58,0
2020-11-03 21:18:28,0
2020-11-03 21:18:58,0
2020-11-03 21:19:28,0
2020-11-03 21:19:58,0
2020-11-03 21:20:28,0
2020-11-03 21:20:58,0
2020-11-03 21:21:28,0
2020-11-03 21:21:58,0
2020-11-03 21:22:28,0
2020-11-03 21:22:58,0
2020-11-03 21:23:28,0
2020-11-03 21:23:58,0
2020-11-03 21:24:28,0
2020-11-03 21:24:58,0
2020-11-03 21:25:28,0
2020-11-03 21:25:58,0
2020-11-03 21:26:28,0
2020-11-03 21:26:58,0
2020-11-03 21:27:28,0
2020-11-03 21:27:58,0
2020-11-03 21:28:28,0
2020-11-03 21:28:58,0
2020-11-03 21:29:28,0
2020-11-03 21:29:58,0
2020-11-03 21:30:28,0
2020-11-03 21:30:58,0
2020-11-03 21:31:28,0
2020-11-03 21:31:58,0
2020-11-03 21:32:28,0
2020-11-03 21:32:58,0
2020-11-03 21:33:28,0
2020-11-03 21:33:58,0
2020-11-03 21:34:28,0
2020-11-03 21:34:59,0
2020-11-03 21:35:28,0
2020-11-03 21:35:58,0
2020-11-03 21:36:28,0
2020-11-03 21:36:58,0
2020-11-03 21:37:28,0
2020-11-03 21:37:58,0
2020-11-03 21:38:28,0
2020-11-03 21:38:58,0
2020-11-03 21:39:28,0
2020-11-03 21:39:58,0
2020-11-03 21:40:28,0
2020-11-03 21:40:58,0
2020-11-03 21:41:28,0
2020-11-03 21:41:58,0
2020-11-03 21:42:28,0
2020-11-03 21:42:58,0
2020-11-03 21:43:28,0
2020-11-03 21:43:58,0
2020-11-03 21:44:28,0
2020-11-03 21:44:58,0
2020-11-03 21:45:28,0
2020-11-03 21:45:58,0
2020-11-03 21:46:28,0
2020-11-03 21:46:58,0
2020-11-03 21:47:28,0
2020-11-03 21:47:58,0
2020-11-03 21:48:28,0
2020-11-03 21:48:58,0
2020-11-03 21:49:28,0
2020-11-03 21:49:58,0
2020-11-03 21:50:28,0
2020-11-03 21:50:58,0
2020-11-03 21:51:28,0
2020-11-03 21:51:58,0
2020-11-03 21:52:28,0
2020-11-03 21:52:58,0
2020-11-03 21:53:28,0
2020-11-03 21:53:58,0
2020-11-03 21:54:28,0
2020-11-03 21:54:58,0
2020-11-03 21:55:28,0
2020-11-03 21:55:58,0
2020-11-03 21:56:28,0
2020-11-03 21:56:58,0
2020-11-03 21:57:28,0
2020-11-03 21:57:58,0
2020-11-03 21:58:28,0
2020-11-03 21:58:58,0
2020-11-03 21:59:28,0
2020-11-03 21:59:58,0
2020-11-03 22:00:28,0
2020-11-03 22:00:58,0
2020-11-03 22:01:28,0
2020-11-03 22:01:58,0
2020-11-03 22:02:28,0
2020-11-03 22:02:58,0
2020-11-03 22:03:28,0
2020-11-03 22:03:58,0
2020-11-03 22:04:28,0
2020-11-03 22:04:58,0
2020-11-03 22:05:28,0
2020-11-03 22:05:58,0
2020-11-03 22:06:28,0
2020-11-03 22:06:58,0
2020-11-03 22:07:28,0
2020-11-03 22:07:58,0
2020-11-03 22:08:28,0
2020-11-03 22:08:58,0
2020-11-03 22:09:28,0
2020-11-03 22:09:58,0
2020-11-03 22:10:28,0
2020-11-03 22:10:58,0
2020-11-03 22:11:28,0
2020-11-03 22:11:58,0
2020-11-03 22:12:28,0
2020-11-03 22:12:58,0
2020-11-03 22:13:28,0
2020-11-03 22:13:58,0
2020-11-03 22:14:28,0
2020-11-03 22:14:58,0
2020-11-03 22:15:28,0
2020-11-03 22:15:58,0
2020-11-03 22:16:28,0
2020-11-03 22:16:58,0
2020-11-03 22:17:28,0
2020-11-03 22:17:58,0
2020-11-03 22:18:28,0
2020-11-03 22:18:58,0
2020-11-03 22:19:28,0
2020-11-03 22:19:58,0
2020-11-03 22:20:28,0
2020-11-03 22:20:58,0
2020-11-03 22:21:28,0
2020-11-03 22:21:58,0
2020-11-03 22:22:28,0
2020-11-03 22:22:58,0
2020-11-03 22:23:28,0
2020-11-03 22:23:58,0
2020-11-03 22:24:28,0
2020-11-03 22:24:58,0
2020-11-03 22:25:28,0
2020-11-03 22:25:58,0
2020-11-03 22:26:28,0
2020-11-03 22:26:58,0
2020-11-03 22:27:28,0
2020-11-03 22:27:58,0
2020-11-03 22:28:28,0
2020-11-03 22:28:58,0
2020-11-03 22:29:28,0
2020-11-03 22:29:58,0
2020-11-03 22:30:28,0
2020-11-03 22:30:58,0
2020-11-03 22:31:28,0
2020-11-03 22:31:58,0
2020-11-03 22:32:28,0
2020-11-03 22:32:58,0
2020-11-03 22:33:28,0
2020-11-03 22:33:58,0
2020-11-03 22:34:28,0
2020-11-03 22:34:58,0
2020-11-03 22:35:28,0
2020-11-03 22:35:58,0
2020-11-03 22:36:28,0
2020-11-03 22:36:58,0
2020-11-03 22:37:28,0
2020-11-03 22:37:58,0
2020-11-03 22:38:28,0
2020-11-03 22:38:58,0
2020-11-03 22:39:28,0
2020-11-03 22:39:58,0
2020-11-03 22:40:28,0
2020-11-03 22:40:58,0
2020-11-03 22:41:28,0
2020-11-03 22:41:58,0
2020-11-03 22:42:28,0
2020-11-03 22:42:58,0
2020-11-03 22:43:28,0
2020-11-03 22:43:58,0
2020-11-03 22:44:28,0
2020-11-03 22:44:58,0
2020-11-03 22:45:28,0
2020-11-03 22:45:58,0
2020-11-03 22:46:28,0
2020-11-03 22:46:58,0
2020-11-03 22:47:28,0
2020-11-03 22:47:58,0
2020-11-03 22:48:28,0
2020-11-03 22:48:58,0
2020-11-03 22:49:28,0
2020-11-03 22:49:58,0
2020-11-03 22:50:28,0
2020-11-03 22:50:58,0
2020-11-03 22:51:28,0
2020-11-03 22:51:58,0
2020-11-03 22:52:28,0
2020-11-03 22:52:58,0
2020-11-03 22:53:28,0
2020-11-03 22:53:58,0
2020-11-03 22:54:28,0
2020-11-03 22:54:58,0
2020-11-03 22:55:28,0
2020-11-03 22:55:58,0
2020-11-03 22:56:28,0
2020-11-03 22:56:58,0
2020-11-03 22:57:28,0
2020-11-03 22:57:58,0
2020-11-03 22:58:28,0
2020-11-03 22:58:58,0
2020-11-03 22:59:28,0
2020-11-03 22:59:58,0
2020-11-03 23:00:28,0
2020-11-03 23:00:58,0
2020-11-03 23:01:28,0
2020-11-03 23:01:58,0
2020-11-03 23:02:28,0
2020-11-03 23:02:58,0
2020-11-03 23:03:28,0
2020-11-03 23:03:58,0
2020-11-03 23:04:28,0
2020-11-03 23:04:58,0
2020-11-03 23:05:28,0
2020-11-03 23:05:58,0
2020-11-03 23:06:28,0
2020-11-03 23:06:58,0
2020-11-03 23:07:28,0
2020-11-03 23:07:58,0
2020-11-03 23:08:28,0
2020-11-03 23:08:58,0
2020-11-03 23:09:28,0
2020-11-03 23:09:58,0
2020-11-03 23:10:28,0
2020-11-03 23:10:58,0
2020-11-03 23:11:28,0
2020-11-03 23:11:58,0
2020-11-03 23:12:28,0
2020-11-03 23:12:58,0
2020-11-03 23:13:28,0
2020-11-03 23:13:58,0
2020-11-03 23:14:28,0
2020-11-03 23:14:58,0
2020-11-03 23:15:28,0
2020-11-03 23:15:58,0
2020-11-03 23:16:28,0
2020-11-03 23:16:58,0
2020-11-03 23:17:28,0
2020-11-03 23:17:58,0
2020-11-03 23:18:28,0
2020-11-03 23:18:58,0
2020-11-03 23:19:28,0
2020-11-03 23:19:58,0
2020-11-03 23:20:28,0
2020-11-03 23:20:58,0
2020-11-03 23:21:28,0
2020-11-03 23:21:58,0
2020-11-03 23:22:28,0
2020-11-03 23:22:58,0
2020-11-03 23:23:28,0
2020-11-03 23:23:58,0
2020-11-03 23:24:28,0
2020-11-03 23:24:58,0
2020-11-03 23:25:28,0
2020-11-03 23:25:58,0
2020-11-03 23:26:28,0
2020-11-03 23:26:58,0
2020-11-03 23:27:28,0
2020-11-03 23:27:58,0
2020-11-03 23:28:28,0
2020-11-03 23:28:58,0
2020-11-03 23:29:28,0
2020-11-03 23:29:58,0
2020-11-03 23:30:28,0
2020-11-03 23:30:58,0
2020-11-03 23:31:28,0
2020-11-03 23:31:58,0
2020-11-03 23:32:28,0
2020-11-03 23:32:58,0
2020-11-03 23:33:28,0
2020-11-03 23:33:58,0
2020-11-03 23:34:28,0
2020-11-03 23:34:58,0
2020-11-03 23:35:28,0
2020-11-03 23:35:58,0
2020-11-03 23:36:28,0
2020-11-03 23:36:58,0
2020-11-03 23:37:28,0
2020-11-03 23:37:58,0
2020-11-03 23:38:28,0
2020-11-03 23:38:58,0
2020-11-03 23:39:28,0
2020-11-03 23:39:58,0
2020-11-03 23:40:28,0
2020-11-03 23:40:58,0
2020-11-03 23:41:28,0
2020-11-03 23:41:58,0
2020-11-03 23:42:28,0
2020-11-03 23:42:58,0
2020-11-03 23:43:28,0
2020-11-03 23:43:58,0
2020-11-03 23:44:28,0
2020-11-03 23:44:58,0
2020-11-03 23:45:28,0
2020-11-03 23:45:58,0
2020-11-03 23:46:28,0
2020-11-03 23:46:58,0
2020-11-03 23:47:28,0
2020-11-03 23:47:58,0
2020-11-03 23:48:28,0
2020-11-03 23:48:58,0
2020-11-03 23:49:28,0
2020-11-03 23:49:58,0
2020-11-03 23:50:28,0
2020-11-03 23:50:58,0
2020-11-03 23:51:28,0
2020-11-03 23:51:58,0
2020-11-03 23:52:28,0
2020-11-03 23:52:58,0
2020-11-03 23:53:28,0
2020-11-03 23:53:58,0
2020-11-03 23:54:28,0
2020-11-03 23:54:58,0
2020-11-03 23:55:28,0
2020-11-03 23:55:58,0
2020-11-03 23:56:28,0
2020-11-03 23:56:58,0
2020-11-03 23:57:28,0
2020-11-03 23:57:58,0
2020-11-03 23:58:28,0
2020-11-03 23:58:58,0
2020-11-03 23:59:28,0
2020-11-03 23:59:58,0
2020-11-04 00:00:28,0
2020-11-04 00:00:58,0
2020-11-04 00:01:28,0
2020-11-04 00:01:58,0
2020-11-04 00:02:28,0
2020-11-04 00:02:58,0
2020-11-04 00:03:28,0
2020-11-04 00:03:58,0
2020-11-04 00:04:28,0
2020-11-04 00:04:58,0
2020-11-04 00:05:28,0
2020-11-04 00:05:58,0
2020-11-04 00:06:28,0
2020-11-04 00:06:58,0
2020-11-04 00:07:28,0
2020-11-04 00:07:58,0
2020-11-04 00:08:28,0
2020-11-04 00:08:58,0
2020-11-04 00:09:28,0
2020-11-04 00:09:58,0
2020-11-04 00:10:28,0
2020-11-04 00:10:58,0
2020-11-04 00:11:28,0
2020-11-04 00:11:58,0
2020-11-04 00:12:28,0
2020-11-04 00:12:58,0
2020-11-04 00:13:28,0
2020-11-04 00:13:58,0
2020-11-04 00:14:28,0
2020-11-04 00:14:58,0
2020-11-04 00:15:28,0
2020-11-04 00:15:58,0
2020-11-04 00:16:28,0
2020-11-04 00:16:58,0
2020-11-04 00:17:28,0
2020-11-04 00:17:58,0
2020-11-04 00:18:28,0
2020-11-04 00:18:58,0
2020-11-04 00:19:28,0
2020-11-04 00:19:58,0
2020-11-04 00:20:28,0
2020-11-04 00:20:58,0
2020-11-04 00:21:28,0
2020-11-04 00:21:58,0
2020-11-04 00:22:28,0
2020-11-04 00:22:58,0
2020-11-04 00:23:28,0
2020-11-04 00:23:58,0
2020-11-04 00:24:28,0
2020-11-04 00:24:58,0
2020-11-04 00:25:28,0
2020-11-04 00:25:58,0
2020-11-04 00:26:28,0
2020-11-04 00:26:58,0
2020-11-04 00:27:28,0
2020-11-04 00:27:58,0
2020-11-04 00:28:28,0
2020-11-04 00:28:58,0
2020-11-04 00:29:28,0
2020-11-04 00:29:58,0
2020-11-04 00:30:28,0
2020-11-04 00:30:58,0
2020-11-04 00:31:28,0
2020-11-04 00:31:58,0
2020-11-04 00:32:28,0
2020-11-04 00:32:58,0
2020-11-04 00:33:28,0
2020-11-04 00:33:58,0
2020-11-04 00:34:28,0
2020-11-04 00:34:58,0
2020-11-04 00:35:28,0
2020-11-04 00:35:58,0
2020-11-04 00:36:28,0
2020-11-04 00:36:58,0
2020-11-04 00:37:28,0
2020-11-04 00:37:58,0
2020-11-04 00:38:28,0
2020-11-04 00:38:58,0
2020-11-04 00:39:28,0
2020-11-04 00:39:58,0
2020-11-04 00:40:28,0
2020-11-04 00:40:58,0
2020-11-04 00:41:28,0
2020-11-04 00:41:58,0
2020-11-04 00:42:28,0
2020-11-04 00:42:58,0
2020-11-04 00:43:28,0
2020-11-04 00:43:58,0
2020-11-04 00:44:28,0
2020-11-04 00:44:58,0
2020-11-04 00:45:28,0
2020-11-04 00:45:58,0
2020-11-04 00:46:28,0
2020-11-04 00:46:58,0
2020-11-04 00:47:28,0
2020-11-04 00:47:58,0
2020-11-04 00:48:28,0
2020-11-04 00:48:58,0
2020-11-04 00:49:28,0
2020-11-04 00:49:58,0
2020-11-04 00:50:28,0
2020-11-04 00:50:58,0
2020-11-04 00:51:28,0
2020-11-04 00:51:58,0
2020-11-04 00:52:28,0
2020-11-04 00:52:58,0
2020-11-04 00:53:28,0
2020-11-04 00:53:58,0
2020-11-04 00:54:28,0
2020-11-04 00:54:58,0
2020-11-04 00:55:28,0
2020-11-04 00:55:58,0
2020-11-04 00:56:28,0
2020-11-04 00:56:58,0
2020-11-04 00:57:28,0
2020-11-04 00:57:58,0
2020-11-04 00:58:28,0
2020-11-04 00:58:58,0
2020-11-04 00:59:28,0
2020-11-04 00:59:58,0
2020-11-04 01:00:28,0
2020-11-04 01:00:58,0
2020-11-04 01:01:28,0
2020-11-04 01:01:58,0
2020-11-04 01:02:28,0
2020-11-04 01:02:58,0
2020-11-04 01:03:28,0
2020-11-04 01:03:58,0
2020-11-04 01:04:28,0
2020-11-04 01:04:58,0
2020-11-04 01:05:28,0
2020-11-04 01:05:58,0
2020-11-04 01:06:28,0
2020-11-04 01:06:58,0
2020-11-04 01:07:28,0
2020-11-04 01:07:58,0
2020-11-04 01:08:28,0
2020-11-04 01:08:58,0
2020-11-04 01:09:28,0
2020-11-04 01:09:58,0
2020-11-04 01:10:28,0
2020-11-04 01:10:58,0
2020-11-04 01:11:28,0
2020-11-04 01:11:58,0
2020-11-04 01:12:28,0
2020-11-04 01:12:58,0
2020-11-04 01:13:28,0
2020-11-04 01:13:58,0
2020-11-04 01:14:28,0
2020-11-04 01:14:58,0
2020-11-04 01:15:28,0
2020-11-04 01:15:58,0
2020-11-04 01:16:28,0
2020-11-04 01:16:58,0
2020-11-04 01:17:28,0
2020-11-04 01:17:58,0
2020-11-04 01:18:28,0
2020-11-04 01:18:58,0
2020-11-04 01:19:28,0
2020-11-04 01:19:58,0
2020-11-04 01:20:28,0
2020-11-04 01:20:58,0
2020-11-04 01:21:28,0
2020-11-04 01:21:58,0
2020-11-04 01:22:28,0
2020-11-04 01:22:58,0
2020-11-04 01:23:28,0
2020-11-04 01:23:58,0
2020-11-04 01:24:28,0
2020-11-04 01:24:58,0
2020-11-04 01:25:28,0
2020-11-04 01:25:58,0
2020-11-04 01:26:28,0
2020-11-04 01:26:58,0
2020-11-04 01:27:28,0
2020-11-04 01:27:58,0
2020-11-04 01:28:28,0
2020-11-04 01:28:58,0
2020-11-04 01:29:28,0
2020-11-04 01:29:58,0
2020-11-04 01:30:28,0
2020-11-04 01:30:58,0
2020-11-04 01:31:28,0
2020-11-04 01:31:58,0
2020-11-04 01:32:28,0
2020-11-04 01:32:58,0
2020-11-04 01:33:28,0
2020-11-04 01:33:58,0
2020-11-04 01:34:28,0
2020-11-04 01:34:58,0
2020-11-04 01:35:28,0
2020-11-04 01:35:58,0
2020-11-04 01:36:28,0
2020-11-04 01:36:58,0
2020-11-04 01:37:28,0
2020-11-04 01:37:58,0
2020-11-04 01:38:28,0
2020-11-04 01:38:58,0
2020-11-04 01:39:28,0
2020-11-04 01:39:58,0
2020-11-04 01:40:28,0
2020-11-04 01:40:58,0
2020-11-04 01:41:28,0
2020-11-04 01:41:58,0
2020-11-04 01:42:28,0
2020-11-04 01:42:58,0
2020-11-04 01:43:28,0
2020-11-04 01:43:58,0
2020-11-04 01:44:28,0
2020-11-04 01:44:58,0
2020-11-04 01:45:28,0
2020-11-04 01:45:58,0
2020-11-04 01:46:28,0
2020-11-04 01:46:58,0
2020-11-04 01:47:28,0
2020-11-04 01:47:58,0
2020-11-04 01:48:28,0
2020-11-04 01:48:58,0
2020-11-04 01:49:28,0
2020-11-04 01:49:58,0
2020-11-04 01:50:28,0
2020-11-04 01:50:58,0
2020-11-04 01:51:28,0
2020-11-04 01:51:58,0
2020-11-04 01:52:28,0
2020-11-04 01:52:58,0
2020-11-04 01:53:28,0
2020-11-04 01:53:58,0
2020-11-04 01:54:28,0
2020-11-04 01:54:58,0
2020-11-04 01:55:28,0
2020-11-04 01:55:58,0
2020-11-04 01:56:28,0
2020-11-04 01:56:58,0
2020-11-04 01:57:28,0
2020-11-04 01:57:58,0
2020-11-04 01:58:28,0
2020-11-04 01:58:58,0
2020-11-04 01:59:28,0
2020-11-04 01:59:58,0
2020-11-04 02:00:28,0
2020-11-04 02:00:58,0
2020-11-04 02:01:28,0
2020-11-04 02:01:58,0
2020-11-04 02:02:28,0
2020-11-04 02:02:58,0
2020-11-04 02:03:28,0
2020-11-04 02:03:58,0
2020-11-04 02:04:28,0
2020-11-04 02:04:58,0
2020-11-04 02:05:28,0
2020-11-04 02:05:58,0
2020-11-04 02:06:28,0
2020-11-04 02:06:58,0
2020-11-04 02:07:28,0
2020-11-04 02:07:58,0
2020-11-04 02:08:28,0
2020-11-04 02:08:58,0
2020-11-04 02:09:28,0
2020-11-04 02:09:58,0
2020-11-04 02:10:28,0
2020-11-04 02:10:58,0
2020-11-04 02:11:28,0
2020-11-04 02:11:58,0
2020-11-04 02:12:28,0
2020-11-04 02:12:58,0
2020-11-04 02:13:28,0
2020-11-04 02:13:58,0
2020-11-04 02:14:28,0
2020-11-04 02:14:58,0
2020-11-04 02:15:28,0
2020-11-04 02:15:58,0
2020-11-04 02:16:28,0
2020-11-04 02:16:58,0
2020-11-04 02:17:28,0
2020-11-04 02:17:58,0
2020-11-04 02:18:28,0
2020-11-04 02:18:58,0
2020-11-04 02:19:28,0
2020-11-04 02:19:58,0
2020-11-04 02:20:28,0
2020-11-04 02:20:58,0
2020-11-04 02:21:28,0
2020-11-04 02:21:58,0
2020-11-04 02:22:28,0
2020-11-04 02:22:58,0
2020-11-04 02:23:28,0
2020-11-04 02:23:58,0
2020-11-04 02:24:28,0
2020-11-04 02:24:58,0
2020-11-04 02:25:28,0
2020-11-04 02:25:58,0
2020-11-04 02:26:28,0
2020-11-04 02:26:58,0
2020-11-04 02:27:28,0
2020-11-04 02:27:58,0
2020-11-04 02:28:28,0
2020-11-04 02:28:58,0
2020-11-04 02:29:28,0
2020-11-04 02:29:58,0
2020-11-04 02:30:28,0
2020-11-04 02:30:58,0
2020-11-04 02:31:28,0
2020-11-04 02:31:58,0
2020-11-04 02:32:28,0
2020-11-04 02:32:58,0
2020-11-04 02:33:28,0
2020-11-04 02:33:58,0
2020-11-04 02:34:28,0
2020-11-04 02:34:58,0
2020-11-04 02:35:28,0
2020-11-04 02:35:58,0
2020-11-04 02:36:28,0
2020-11-04 02:36:58,0
2020-11-04 02:37:28,0
2020-11-04 02:37:58,0
2020-11-04 02:38:28,0
2020-11-04 02:38:58,0
2020-11-04 02:39:28,0
2020-11-04 02:39:58,0
2020-11-04 02:40:28,0
2020-11-04 02:40:58,0
2020-11-04 02:41:28,0
2020-11-04 02:41:58,0
2020-11-04 02:42:28,0
2020-11-04 02:42:58,0
2020-11-04 02:43:28,0
2020-11-04 02:43:58,0
2020-11-04 02:44:28,0
2020-11-04 02:44:58,0
2020-11-04 02:45:28,0
2020-11-04 02:45:58,0
2020-11-04 02:46:28,0
2020-11-04 02:46:58,0
2020-11-04 02:47:28,0
2020-11-04 02:47:58,0
2020-11-04 02:48:28,0
2020-11-04 02:48:58,0
2020-11-04 02:49:28,0
2020-11-04 02:49:58,0
2020-11-04 02:50:28,0
2020-11-04 02:50:58,0
2020-11-04 02:51:28,0
2020-11-04 02:51:58,0
2020-11-04 02:52:28,0
2020-11-04 02:52:58,0
2020-11-04 02:53:28,0
2020-11-04 02:53:58,0
2020-11-04 02:54:28,0
2020-11-04 02:54:58,0
2020-11-04 02:55:28,0
2020-11-04 02:55:58,0
2020-11-04 02:56:28,0
2020-11-04 02:56:58,0
2020-11-04 02:57:28,0
2020-11-04 02:57:58,0
2020-11-04 02:58:28,0
2020-11-04 02:58:58,0
2020-11-04 02:59:28,0
2020-11-04 02:59:58,0
2020-11-04 03:00:28,0
2020-11-04 03:00:58,0
2020-11-04 03:01:28,0
2020-11-04 03:01:58,0
2020-11-04 03:02:28,0
2020-11-04 03:02:58,0
2020-11-04 03:03:28,0
2020-11-04 03:03:58,0
2020-11-04 03:04:28,0
2020-11-04 03:04:58,0
2020-11-04 03:05:28,0
2020-11-04 03:05:58,0
2020-11-04 03:06:28,0
2020-11-04 03:06:58,0
2020-11-04 03:07:28,0
2020-11-04 03:07:58,0
2020-11-04 03:08:28,0
2020-11-04 03:08:58,0
2020-11-04 03:09:28,0
2020-11-04 03:09:58,0
2020-11-04 03:10:28,0
2020-11-04 03:10:58,0
2020-11-04 03:11:28,0
2020-11-04 03:11:58,0
2020-11-04 03:12:28,0
2020-11-04 03:12:58,0
2020-11-04 03:13:28,0
2020-11-04 03:13:58,0
2020-11-04 03:14:28,0
2020-11-04 03:14:58,0
2020-11-04 03:15:28,0
2020-11-04 03:15:58,0
2020-11-04 03:16:28,0
2020-11-04 03:16:58,0
2020-11-04 03:17:28,0
2020-11-04 03:17:58,0
2020-11-04 03:18:28,0
2020-11-04 03:18:58,0
2020-11-04 03:19:28,0
2020-11-04 03:19:58,0
2020-11-04 03:20:28,0
2020-11-04 03:20:58,0
2020-11-04 03:21:28,0
2020-11-04 03:21:58,0
2020-11-04 03:22:28,0
2020-11-04 03:22:58,0
2020-11-04 03:23:28,0
2020-11-04 03:23:58,0
2020-11-04 03:24:28,0
2020-11-04 03:24:58,0
2020-11-04 03:25:28,0
2020-11-06 07:24:00,0
2020-11-06 07:24:30,0
2020-11-06 07:25:00,0
2020-11-06 07:25:30,0
2020-11-06 07:26:00,0
2020-11-06 07:26:30,0
2020-11-06 07:27:00,0
2020-11-06 07:27:30,0
2020-11-06 07:28:00,0
2020-11-06 07:28:30,0
2020-11-06 07:29:00,0
2020-11-06 07:29:30,0
2020-11-06 07:30:00,0
2020-11-06 07:30:30,0
2020-11-06 07:31:00,0
2020-11-06 07:31:30,0
2020-11-06 07:32:00,0
2020-11-06 07:32:30,0
2020-11-06 07:33:00,0
2020-11-06 07:33:30,0
2020-11-06 07:34:00,0
2020-11-06 07:34:30,0
2020-11-06 07:35:00,0
2020-11-06 07:35:30,0
2020-11-06 07:36:00,0
2020-11-06 07:36:30,0
2020-11-06 07:37:00,0
2020-11-06 07:37:30,0
2020-11-06 07:38:00,0
2020-11-06 07:38:30,0
2020-11-06 07:39:00,0
2020-11-06 07:39:30,0
2020-11-06 07:40:00,0
2020-11-06 07:40:30,0
2020-11-06 07:41:00,0
2020-11-06 07:41:30,0
2020-11-06 07:42:00,0
2020-11-06 07:42:30,0
2020-11-06 07:43:00,0
2020-11-06 07:43:30,0
2020-11-06 07:44:00,0
2020-11-06 07:44:30,0
2020-11-06 07:45:00,0
2020-11-06 07:45:30,0
2020-11-06 07:46:00,0
2020-11-06 07:46:30,0
2020-11-06 07:47:00,0
2020-11-06 07:47:30,0
2020-11-06 07:48:00,0
2020-11-06 07:48:30,0
2020-11-06 07:49:00,0
2020-11-06 07:49:30,0
2020-11-06 07:50:00,0
2020-11-06 07:50:30,0
2020-11-06 07:51:00,0
2020-11-06 07:51:30,0
2020-11-06 07:52:00,0
2020-11-06 07:52:30,0
2020-11-06 07:53:00,0
2020-11-06 07:53:30,0
2020-11-06 07:54:00,0
2020-11-06 07:54:30,0
2020-11-06 07:55:00,0
2020-11-06 07:55:30,0
2020-11-06 07:56:00,0
2020-11-06 07:56:30,0
2020-11-06 07:57:00,0
2020-11-06 07:57:30,0
2020-11-06 07:58:00,0
2020-11-06 07:58:30,0
2020-11-06 07:59:00,0
2020-11-06 07:59:30,0
2020-11-06 08:00:00,0
2020-11-06 08:00:30,0
2020-11-06 08:01:00,0
2020-11-06 08:01:30,0
2020-11-06 08:02:00,0
2020-11-06 08:02:30,0
2020-11-06 08:03:00,0
2020-11-06 08:03:30,0
2020-11-06 08:04:00,0
2020-11-06 08:04:30,0
2020-11-06 08:05:00,0
2020-11-06 08:05:30,0
2020-11-06 08:06:00,0
2020-11-06 08:06:30,0
2020-11-06 08:07:00,0
2020-11-06 08:07:30,0
2020-11-06 08:08:00,0
2020-11-06 08:08:30,0
2020-11-06 08:09:00,0
2020-11-06 08:09:30,0
2020-11-06 08:10:00,0
2020-11-06 08:10:30,0
2020-11-06 08:11:00,0
2020-11-06 08:11:30,0
2020-11-06 08:12:00,0
2020-11-06 08:12:30,0
2020-11-06 08:13:00,0
2020-11-06 08:13:30,0
2020-11-06 08:14:00,0
2020-11-06 08:14:30,0
2020-11-06 08:15:00,0
2020-11-06 08:15:30,0
2020-11-06 08:16:00,0
2020-11-06 08:16:30,0
2020-11-06 08:17:00,0
2020-11-06 08:17:30,0
2020-11-06 08:18:00,0
2020-11-06 08:18:30,0
2020-11-06 08:19:00,0
2020-11-06 08:19:30,0
2020-11-06 08:20:00,0
2020-11-06 08:20:30,0
2020-11-06 08:21:00,0
2020-11-06 08:21:30,0
2020-11-06 08:22:00,0
2020-11-06 08:22:30,0
2020-11-06 08:23:00,0
2020-11-06 08:23:30,0
2020-11-06 08:24:00,0
2020-11-06 08:24:30,0
2020-11-06 08:25:00,0
2020-11-06 08:25:30,0
2020-11-06 08:26:00,0
2020-11-06 08:26:30,0
2020-11-06 08:27:00,0
2020-11-06 08:27:30,0
2020-11-06 08:28:00,0
2020-11-06 08:28:30,0
2020-11-06 08:29:00,0
2020-11-06 08:29:30,0
2020-11-06 08:30:00,0
2020-11-06 08:30:30,0
2020-11-06 08:31:00,0
2020-11-06 08:31:30,0
2020-11-06 08:32:00,0
2020-11-06 08:32:30,0
2020-11-06 08:33:00,0
2020-11-06 08:33:30,0
2020-11-06 08:34:00,0
2020-11-06 08:34:30,0
2020-11-06 08:35:00,0
2020-11-06 08:35:30,0
2020-11-06 08:36:00,0
2020-11-06 08:36:30,0
2020-11-06 08:37:00,0
2020-11-06 08:37:30,0
2020-11-06 08:38:00,0
2020-11-06 08:38:30,0
2020-11-06 08:39:00,0
2020-11-06 08:39:30,0
2020-11-06 08:40:00,0
2020-11-06 08:40:30,0
2020-11-06 08:41:00,0
2020-11-06 08:41:30,0
2020-11-06 08:42:00,0
2020-11-06 08:42:30,0
2020-11-06 08:43:00,0
2020-11-06 08:43:30,0
2020-11-06 08:44:00,0
2020-11-06 08:44:30,0
2020-11-06 08:45:00,0
2020-11-06 08:45:30,0
2020-11-06 08:46:00,0
2020-11-06 08:46:30,0
2020-11-06 08:47:00,0
2020-11-06 08:47:30,0
2020-11-06 08:48:00,0
2020-11-06 08:48:30,0
2020-11-06 08:49:00,0
2020-11-06 08:49:30,0
2020-11-06 08:50:00,0
2020-11-06 08:50:30,0
2020-11-06 08:51:00,0
2020-11-06 08:51:30,0
2020-11-06 08:52:00,0
2020-11-06 08:52:30,0
2020-11-06 08:53:00,0
2020-11-06 08:53:30,0
2020-11-06 08:54:00,0
2020-11-06 08:54:30,0
2020-11-06 08:55:00,0
2020-11-06 08:55:30,0
2020-11-06 08:56:00,0
2020-11-06 08:56:30,0
2020-11-06 08:57:00,0
2020-11-06 08:57:30,0
2020-11-06 08:58:00,0
2020-11-06 08:58:30,0
2020-11-06 08:59:00,0
2020-11-06 08:59:30,0
2020-11-06 09:00:00,0
2020-11-06 09:00:30,0
2020-11-06 09:01:00,0
2020-11-06 09:01:30,0
2020-11-06 09:02:00,0
2020-11-06 09:02:30,0
2020-11-06 09:03:00,0
2020-11-06 09:03:30,0
2020-11-06 09:04:00,0
2020-11-06 09:04:30,0
2020-11-06 09:05:00,0
2020-11-06 09:05:30,0
2020-11-06 09:06:00,0
2020-11-06 09:06:30,0
2020-11-06 09:07:00,0
2020-11-06 09:07:30,0
2020-11-06 09:08:00,0
2020-11-06 09:08:30,0
2020-11-06 09:09:00,0
2020-11-06 09:09:30,0
2020-11-06 09:10:00,0
2020-11-06 09:10:30,0
2020-11-06 09:11:00,0
2020-11-06 09:11:30,0
2020-11-06 09:12:00,0
2020-11-06 09:12:30,0
2020-11-06 09:13:00,0
2020-11-06 09:13:30,0
2020-11-06 09:14:00,0
2020-11-06 09:14:30,0
2020-11-06 09:15:00,0
2020-11-06 09:15:30,0
2020-11-06 09:16:00,0
2020-11-06 09:16:30,0
2020-11-06 09:17:00,0
2020-11-06 09:17:30,0
2020-11-06 09:18:00,0
2020-11-06 09:18:30,0
2020-11-06 09:19:00,0
2020-11-06 09:19:30,0
2020-11-06 09:20:00,0
2020-11-06 09:20:30,0
2020-11-06 09:21:00,0
2020-11-06 09:21:30,0
2020-11-06 09:22:00,0
2020-11-06 09:22:30,0
2020-11-06 09:23:00,0
2020-11-06 09:23:30,0
2020-11-06 09:24:00,0
2020-11-06 09:24:30,0
2020-11-06 09:25:00,0
2020-11-06 09:25:30,0
2020-11-06 09:26:00,0
2020-11-06 09:26:30,0
2020-11-06 09:27:00,0
2020-11-06 09:27:30,0
2020-11-06 09:28:00,0
2020-11-06 09:28:30,0
2020-11-06 09:29:00,0
2020-11-06 09:29:30,0
2020-11-06 09:30:00,0
2020-11-06 09:30:30,0
2020-11-06 09:31:00,0
2020-11-06 09:31:30,0
2020-11-06 09:32:00,0
2020-11-06 09:32:30,0
2020-11-06 09:33:00,0
2020-11-06 09:33:30,0
2020-11-06 09:34:00,0
2020-11-06 09:34:30,0
2020-11-06 09:35:00,0
2020-11-06 09:35:30,0
2020-11-06 09:36:00,0
2020-11-06 09:36:30,0
2020-11-06 09:37:00,0
2020-11-06 09:37:30,0
2020-11-06 09:38:00,0
2020-11-06 09:38:30,0
2020-11-06 09:39:00,0
2020-11-06 09:39:30,0
2020-11-06 09:40:00,0
2020-11-06 09:40:30,0
2020-11-06 09:41:00,0
2020-11-06 09:41:30,0
2020-11-06 09:42:00,0
2020-11-06 09:42:30,0
2020-11-06 09:43:00,0
2020-11-06 09:43:30,0
2020-11-06 09:44:00,0
2020-11-06 09:44:30,0
2020-11-06 09:45:00,0
2020-11-06 09:45:30,0
2020-11-06 09:46:00,0
2020-11-06 09:46:30,0
2020-11-06 09:47:00,0
2020-11-06 09:47:30,0
2020-11-06 09:48:00,0
2020-11-06 09:48:30,0
2020-11-06 09:49:00,0
2020-11-06 09:49:30,0
2020-11-06 09:50:00,0
2020-11-06 09:50:30,0
2020-11-06 09:51:00,0
2020-11-06 09:51:30,0
2020-11-06 09:52:00,0
2020-11-06 09:52:30,0
2020-11-06 09:53:00,0
2020-11-06 09:53:30,0
2020-11-06 09:54:00,0
2020-11-06 09:54:30,0
2020-11-06 09:55:00,0
2020-11-06 09:55:30,0
2020-11-06 09:56:00,0
2020-11-06 09:56:30,0
2020-11-06 09:57:00,0
2020-11-06 09:57:30,0
2020-11-06 09:58:00,0
2020-11-06 09:58:30,0
2020-11-06 09:59:00,0
2020-11-06 09:59:30,0
2020-11-06 10:00:00,0
2020-11-06 10:00:30,0
2020-11-06 10:01:00,0
2020-11-06 10:01:30,0
2020-11-06 10:02:00,0
2020-11-06 10:02:30,0
2020-11-06 10:03:00,0
2020-11-06 10:03:30,0
2020-11-06 10:04:00,0
2020-11-06 10:04:30,0
2020-11-06 10:05:00,0
2020-11-06 10:05:30,0
2020-11-06 10:06:00,0
2020-11-06 10:06:30,0
2020-11-06 10:07:00,0
2020-11-06 10:07:30,0
2020-11-06 10:08:00,0
2020-11-06 10:08:30,0
2020-11-06 10:09:00,0
2020-11-06 10:09:30,0
2020-11-06 10:10:00,0
2020-11-06 10:10:30,0
2020-11-06 10:11:00,0
2020-11-06 10:11:30,0
2020-11-06 10:12:00,0
2020-11-06 10:12:30,0
2020-11-06 10:13:00,0
2020-11-06 10:13:30,0
2020-11-06 10:14:00,0
2020-11-06 10:14:30,0
2020-11-06 10:15:00,0
2020-11-06 10:15:30,0
2020-11-06 10:16:00,0
2020-11-06 10:16:30,0
2020-11-06 10:17:00,0
2020-11-06 10:17:30,0
2020-11-06 10:18:00,0
2020-11-06 10:18:30,0
2020-11-06 10:19:00,0
2020-11-06 10:19:30,0
2020-11-06 10:20:00,0
2020-11-06 10:20:30,0
2020-11-06 10:21:00,0
2020-11-06 10:21:30,0
2020-11-06 10:22:00,0
2020-11-06 10:22:30,0
2020-11-06 10:23:00,0
2020-11-06 10:23:30,0
2020-11-06 10:24:00,0
2020-11-06 10:24:30,0
2020-11-06 10:25:00,0
2020-11-06 10:25:30,0
2020-11-06 10:26:00,0
2020-11-06 10:26:30,0
2020-11-06 10:27:00,0

